country_name,country_code,indicator_name,indicator_code,1960,1961,1962,1963,1964,1965,1966,1967,1968,1969,1970,1971,1972,1973,1974,1975,1976,1977,1978,1979,1980,1981,1982,1983,1984,1985,1986,1987,1988,1989,1990,1991,1992,1993,1994,1995,1996,1997,1998,1999,2000,2001,2002,2003,2004,2005,2006,2007,2008,2009,2010,2011,2012,2013,2014,2015,2016,2017,2018,2019,2020,2021,2022,2023,2024,2025
Aruba,ABW,Methane emissions (kt of CO2 equivalent),EN.ATM.METH.KT.CE,NA,NA,NA,NA,NA,NA,NA,NA,NA,NA,512.345,522.655,532.85,542.755,563.1165,572.1894,586.8519,595.2618,623.9238,636.7707,646.45050000000106,659.787,672.282,681.4722,696.088800000001,712.347599999999,706.207200000001,729.3867,742.0449,759.8031,698.1328,712.356,731.308,753.760599999999,776.3328,795.634399999999,780.343999999999,989.8418,797.9988,807.511600000001,830.364400000001,847.1682,869.4414,888.6648,910.938,928.3996,951.091399999999,977.343599999999,1000.2102,1023.3252,1046.0722,1056.532922,1066.993644,NA,NA,NA,NA,NA,NA,NA,NA,NA,NA,NA,NA,NA
Andorra,AND,Methane emissions (kt of CO2 equivalent),EN.ATM.METH.KT.CE,NA,NA,NA,NA,NA,NA,NA,NA,NA,NA,NA,NA,NA,NA,NA,NA,NA,NA,NA,NA,NA,NA,NA,NA,NA,NA,NA,NA,NA,NA,NA,NA,NA,NA,NA,NA,NA,NA,NA,NA,NA,NA,NA,NA,NA,NA,NA,NA,NA,NA,NA,NA,NA,NA,NA,NA,NA,NA,NA,NA,NA,NA,NA,NA,NA,NA
Africa Eastern and Southern,AFE,Methane emissions (kt of CO2 equivalent),EN.ATM.METH.KT.CE,NA,NA,NA,NA,NA,NA,NA,NA,NA,NA,2308480.30926,1590460.25472,1669152.52344,1776922.8318,1619420.7456,1820330.805,1720198.8816,1916071.1778,1967302.0464,2377669.8354,2154591.3126,1966585.893,2168811.7608,2157154.1502,1880376.516,1903057.2894,1888647.363,2257359.882,1878461.7408,2049819.4332,6121546.36524522,6131704.48981251,6245258.73458221,6289503.66903835,6444758.97920391,6582958.58923395,6650963.94069754,6786740.38048077,7121200.96021988,7178597.97426966,7174998.33119013,7232577.68880049,7641474.29269706,7881508.18557671,8048204.5358128,8373062.45096112,8369752.8393051,8885040.55832913,9226625.86883151,9266484.25123952,9593574.59243235,9704582.22443245,9578081.41098371,9625239.85350003,9711596.95968963,9887934.58065478,10002911.6234011,10037898.137516,10107296.2905975,6810406.53248745,4286401.178688,NA,NA,NA,NA,NA
Afghanistan,AFG,Methane emissions (kt of CO2 equivalent),EN.ATM.METH.KT.CE,NA,NA,NA,NA,NA,NA,NA,NA,NA,NA,510100,510075,458529.5,470177,509384.43,534306.6,537315.6,533250.9,529385.1,518986.2,529206.6,525544.8,523249.8,502760.04,461787.15,423744.21,378169.59,381744.69,403933.77,380717.04,509471.804004473,499968.509803706,486317.158297764,490916.572952588,503487.667920766,540536.773422825,568443.582233176,609598.176610121,642287.166488588,685452.742451885,645895.575422467,563344.458133879,656452.12867706,681610.076275527,689247.2712,701665.755208945,734659.791220704,767820.491506709,817086.684314121,855484.980093291,998316.760917061,1065283.1852,1128993.62925776,554467.957099297,618520.240868242,666891.909592588,674556.044814825,680493.529346709,695965.085789648,207287.755356934,129776.28768,NA,NA,NA,NA,NA
Africa Western and Central,AFW,Methane emissions (kt of CO2 equivalent),EN.ATM.METH.KT.CE,NA,NA,NA,NA,NA,NA,NA,NA,NA,NA,862287.213,871856.0358,895086.8862,970624.9656,881161.5702,874797.9588,924837.108,998834.0268,914950.7616,1061305.9098,1166457.1428,1000793.7,1084094.0598,1045618.8396,1033404.0768,987398.7042,1008243.7026,1035320.0712,1006665.6102,1116655.3734,4388774.13747775,4725312.95099957,4901289.15858423,5020198.90383007,5154111.69064118,5103457.22379926,5202849.65315449,5185048.87019119,5134358.12821255,5008946.60022048,5113249.17057091,5126871.12020689,5105302.71993428,5451193.73266132,5586820.9937956,5824254.36119597,5816955.80336261,5787773.70691483,5809585.53888054,5763795.34339684,6051156.26686238,6212673.2793032,6295590.79733016,6414606.44087094,6563613.28321504,6718461.08582311,6949824.16074677,7051852.27895189,7214373.76789842,4975429.48978916,3173210.999048,NA,NA,NA,NA,NA
Angola,AGO,Methane emissions (kt of CO2 equivalent),EN.ATM.METH.KT.CE,NA,NA,NA,NA,NA,NA,NA,NA,NA,NA,1168830,725000,779500,832584.999999999,765423.300000001,870131.4,766871.699999999,889287,932239.199999999,1168088.7,1001344.2,887644.800000001,977685.300000001,978399.300000001,802383,820819.5,809941.199999999,1045143,805698,882223.5,2415971.83973341,1288083.79964447,1717112.37177176,1232738.26649482,1351506.73304894,1975095.70120895,1422172.99795859,1159239.72997623,1244929.40275859,1229806.55325035,2232436.23969483,1213441.48061035,1255890.18244141,1296271.79816895,1324399.18335693,2391829.82389648,1381769.62213035,1431326.21036422,1811792.40066352,1512945.58119719,1924728.04370351,1578688.15451859,1570049.27815106,699549.046966133,684221.365143516,716273.096921406,720014.653780703,715976.266367539,655244.85872,455636.317410352,261625.90488,NA,NA,NA,NA,NA
Albania,ALB,Methane emissions (kt of CO2 equivalent),EN.ATM.METH.KT.CE,NA,NA,NA,NA,NA,NA,NA,NA,NA,NA,88182,85873.5,86854,89703.5000000001,92583.36,95106.33,99101.67,102107.1,107777.28,111282,113648.91,114010.5,114512.85,117647.31,118691.79,116738.49,120797.58,127345.47,132923.85,135064.83,275766.238991412,177349.275504,169686.290215323,174550.589270147,205867.873286824,249834.820654824,194959.167551323,183713.519646735,177128.490475118,177525.631532383,282573.324505175,176923.651076383,175458.128563118,182276.393820971,180654.286376,266843.271710147,180194.592508882,178603.107697265,223686.854953764,171812.355027706,226617.788597559,178415.679203706,180440.597619118,58927.5725871182,59518.5658406773,59888.5621403833,59691.9473206773,58889.6395772651,58075.7848338531,37033.2425945303,21537.567088,NA,NA,NA,NA,NA
Andorra,AND,Methane emissions (kt of CO2 equivalent),EN.ATM.METH.KT.CE,NA,NA,NA,NA,NA,NA,NA,NA,NA,NA,NA,NA,NA,NA,NA,NA,NA,NA,NA,NA,NA,NA,NA,NA,NA,NA,NA,NA,NA,NA,403.319182211861,412.725790211861,422.132398211861,531.540005317791,540.946613317791,550.353221317791,559.304973317791,568.255733317791,577.207485317791,586.158237317791,595.109997317791,611.450029317791,727.789068423721,744.129100423722,760.468140423721,776.808172423721,793.275260423721,909.743354980233,926.211442980233,942.679530980232,959.146618980233,960.332018980233,961.517410980232,962.701810980232,963.887202980232,965.072602980233,968.539618980232,972.006626980232,975.473642980233,678.941658980232,428.807672,NA,NA,NA,NA,NA
Netherlands Antilles,ANT,Methane emissions (kt of CO2 equivalent),EN.ATM.METH.KT.CE,NA,NA,NA,NA,NA,NA,NA,NA,NA,NA,NA,NA,NA,NA,NA,NA,NA,NA,NA,NA,NA,NA,NA,NA,NA,NA,NA,NA,NA,NA,833.4,NA,NA,NA,NA,927.1,NA,NA,NA,NA,1005.2,NA,NA,NA,NA,1003.3,NA,NA,NA,NA,NA,NA,NA,NA,NA,NA,NA,NA,NA,NA,NA,NA,NA,NA,NA,NA
Arab League states,ARB,Methane emissions (kt of CO2 equivalent),EN.ATM.METH.KT.CE,NA,NA,NA,NA,NA,NA,NA,NA,NA,NA,11269430.781,11717664.936,12391335.411,13795877.247,13185394.854,12981192.996,14577954.903,14647143.492,14520069.852,14730902.628,14546060.778,12490988.187,11911554.441,11478365.898,11126749.815,11117708.637,11620144.419,11760705.162,12120304.428,12700587.936,25321661.0706162,17732012.5424739,18738022.147748802,19428248.3790346,20149534.1056412,23604780.704573,21475152.0725741,22368185.5717561,22971673.0224774,23727650.3527681,34209182.6129984,24624951.0367393,25037710.6119848,26040954.6802755,26819622.4324814,38428231.5954508,29304755.0851203,31298280.7084638,39020418.456049,31004635.1291335,40435145.3113556,31614747.0119958,32914261.5359826,10997311.0194089,10832244.5344626,10882078.2974876,11221609.609439,11488804.8980644,11754145.7183701,9291347.99546072,5192487.899592,NA,NA,NA,NA,NA
United Arab Emirates,ARE,Methane emissions (kt of CO2 equivalent),EN.ATM.METH.KT.CE,NA,NA,NA,NA,NA,NA,NA,NA,NA,NA,656523,815734.800000001,888975.9,1128349.5,1144807.2,1128788.1,1358874.6,1287234.9,1430738.7,986187,955102.5,756136.199999999,683502,654212.7,804025.199999999,776602.5,686602.800000001,656900.4,616380.9,675367.5,1534360.70281789,1026342.88071693,1046717.64610377,1041161.70186658,1104013.71030518,1595724.08671693,1277737.17030211,1296183.33183105,1315190.43061342,1306805.09389342,2347569.03,1424034.89183105,1470293.85725342,1583948.90725342,1647146.70366211,2611044.43755859,1789086.33689176,1829166.68226684,2303952.53221035,1867484.8742193,2406118.28424281,1985076.32908141,2036613.04949316,878403.833866836,899879.50844754,952547.562417891,984963.713881406,982460.582903515,997700.378497891,714220.784468242,455557.64296,NA,NA,NA,NA,NA
Argentina,ARG,Methane emissions (kt of CO2 equivalent),EN.ATM.METH.KT.CE,NA,NA,NA,NA,NA,NA,NA,NA,NA,NA,4245890,4236455,4424800,4539565,4682406.9,4787931,4960178.4,5083863.6,4945587.3,4927727.1,4882801.2,4751042.7,4686787.8,4799207.1,4835488.5,4825461.9,4826053.5,4857673.5,5003314.2,5114892,10530558.6473242,6696520.79633789,6804662.34610352,6762843.68366211,6763798.15145508,8676872.74488281,6780928.34488281,6844075.72610352,6713782.93755859,6689968.45220703,10446574.2326758,6732329.65495156,6673987.36455156,7049368.31368281,7098656.28863437,10596857.9250898,7064844.52194453,6967583.39983437,8815377.41936562,6627289.77894492,7831139.79899297,6207613.7744,6307861.15313789,2268343.09444141,2288628.90286211,2293565.27494492,2323110.98589648,2385393.84980703,2392378.96766211,1706841.58180703,1048285.5152,NA,NA,NA,NA,NA
Armenia,ARM,Methane emissions (kt of CO2 equivalent),EN.ATM.METH.KT.CE,NA,NA,NA,NA,NA,NA,NA,NA,NA,NA,65899,69231,72024,74262.5,78603.75,80943.12,81127.23,80682.51,80353.56,79665.06,78689.94,77691.36,78126.39,79788.99,81856.02,83061.6600000001,83264.13,83975.58,127057.32,136138.38,314585.40936547,191628.419518735,179942.493039323,165777.32136547,168827.937356294,202464.808300971,163934.741599323,163396.427905853,156767.212403118,157050.017178486,246456.872809265,151857.718095367,156080.237904633,162060.515190735,168420.104961853,276501.672809265,181982.429656677,184503.070305176,252861.065152588,191633.383305176,259222.058190735,198341.009793631,201622.207213792,45693.6755483833,46601.7576393228,47442.3197304409,47765.089918147,46680.9794110288,45106.3470265303,30189.8284049712,18559.372936,NA,NA,NA,NA,NA
American Samoa,ASM,Methane emissions (kt of CO2 equivalent),EN.ATM.METH.KT.CE,NA,NA,NA,NA,NA,NA,NA,NA,NA,NA,306.058,308.25,311.751,316.468,329.14278,335.38008,340.44795,348.44169,350.2935,351.49965,355.33179,361.88325,374.95914,389.00607,403.75221,417.08922,430.17684,445.36158,459.63138,476.978520000001,406.69152,419.37694,430.55862,440.73106,449.80364,458.07766,465.5154,472.0428,476.9556,481.7258,486.1832,491.8964,497.4762,502.6006,508.8658,515.936,523.6226,536.498,553.4858,570.9152,591.468,597.38268,603.29736,NA,NA,NA,NA,NA,NA,NA,NA,NA,NA,NA,NA,NA
Antigua and Barbuda,ATG,Methane emissions (kt of CO2 equivalent),EN.ATM.METH.KT.CE,NA,NA,NA,NA,NA,NA,NA,NA,NA,NA,1215.74,1321.245,1310.35,1323.8,1300.5153,1297.1493,1275.4539,1334.3691,1416.1374,1606.3164,1754.7723,1743.2412,1872.8373,1819.8942,1830.4614,1906.0587,1902.4377,1912.0002,1925.8467,1805.7774,4263.45269292651,4127.97660492651,4284.99674638418,4355.37425838419,4533.72399184186,4798.79951184185,4718.06113769489,4755.45020169488,4888.20808715255,4933.11355115255,5275.63604461023,5143.93982061023,5198.44639661023,5351.10414246326,5416.37471846326,5450.89610246325,5556.91187846325,5637.05528392093,5684.64326792093,5727.52705192093,5527.63001446326,5566.62478846326,5604.49457046325,3631.84559046326,3710.58291046325,3769.07325992093,3786.65972392093,3805.30818792093,3820.38965192093,2627.68112392093,1638.926576,NA,NA,NA,NA,NA
Australia,AUS,Methane emissions (kt of CO2 equivalent),EN.ATM.METH.KT.CE,NA,NA,NA,NA,NA,NA,NA,NA,NA,NA,4714540,4692760,5318900,4886205,5239689,5464089,5831340,5660796,5090631.3,5426961,5591130,4974035.1,5494179,5045603.4,5172879,5800689,5568078,5292321,5285028,5564967,12360005.1217242,8330448.85427578,8114168.68344844,7906919.59288281,8392469.80125547,9929868.72303437,7793144.35898633,8051720.09423437,8032389.19444141,8514057.70121406,13765998.213807,9562425.16164141,9250358.08037265,8183995.92008281,8631734.19073126,12454317.5609242,8276747.88744844,8985437.96096563,10383456.7450551,8374166.50337226,10292551.9205035,8962607.81492402,9004923.71864799,2518374.9964207,2732498.89107578,2681179.17784844,2379077.41541367,2805510.31860703,2788847.83081406,1784047.6843793,1051878.1056,NA,NA,NA,NA,NA
Austria,AUT,Methane emissions (kt of CO2 equivalent),EN.ATM.METH.KT.CE,NA,NA,NA,NA,NA,NA,NA,NA,NA,NA,451110.5,446805,445781.5,454649,471363.93,470490.81,472086.6,478345.83,480044.13,489939.15,495423.69,496388.61,503529.12,505407.45,515242.8,525162.3,522515.4,518603.7,527686.8,518098.8,1054382.32280588,684945.025525879,674038.453354121,670264.243934825,648613.003140704,808716.566721533,627725.858551055,612243.833541061,602670.553617176,597944.851463413,917985.761803886,581039.931961176,574236.72444294,567257.413922121,559473.389670467,845287.714230237,546581.500436472,541259.609326824,693605.31452,530817.144419297,696334.715266709,521774.337406933,512829.081423218,141880.047833764,138433.524468882,137366.922385942,135861.979075118,134952.408315706,131806.089335412,90307.5878811758,54904.627664,NA,NA,NA,NA,NA
Azerbaijan,AZE,Methane emissions (kt of CO2 equivalent),EN.ATM.METH.KT.CE,NA,NA,NA,NA,NA,NA,NA,NA,NA,NA,319884,329204,339831,350831.5,374442,391783.02,404180.1,414618.27,427421.82,439171.2,450597.75,459456.45,472017.75,487277.46,505707.33,524014.8,544853.4,562050.6,571526.4,578865.3,1394860.32349342,838640.159220704,781142.726948242,688137.171068115,604607.839771118,776988.443129354,580821.156536766,586727.777715118,608579.170893469,647950.029300882,1274722.27141112,696266.808282352,720375.951780116,753174.795218121,776201.339326236,1486423.63341035,932224.825134824,1066559.38308447,1536677.58332294,1299522.58952153,1704013.86159105,1376667.78181451,1407626.26270456,486849.142619297,478134.870391055,470565.111368945,465677.212697764,457775.880742236,458345.011228115,201650.929425176,125865.04808,NA,NA,NA,NA,NA
Burundi,BDI,Methane emissions (kt of CO2 equivalent),EN.ATM.METH.KT.CE,NA,NA,NA,NA,NA,NA,NA,NA,NA,NA,73446,72919,75801.5,77265,79841.52,81661.2,81784.62,82265.0399999999,83553.81,85504.56,79257.06,73366.05,74494.17,75391.26,77466.45,75786,81393.45,81516.36,83237.1,84870.63,99116.9659353674,97975.5376892205,100419.175443073,102606.812311367,102274.317085831,105564.138839684,104393.101911684,105789.35089939,106621.855,84397.108249853,87973.3794917061,111329.140941831,112684.977067706,112967.167517831,117823.40368339,120383.913095367,124840.909784904,128361.763312316,132605.32304,138922.829661243,144450.69843661,146975.060897853,148037.442425853,26505.7671445879,25574.2563483386,25232.4249224856,28363.2844818084,33694.1145532204,33743.9137772204,17672.6160393674,10065.53216,NA,NA,NA,NA,NA
Belgium,BEL,Methane emissions (kt of CO2 equivalent),EN.ATM.METH.KT.CE,NA,NA,NA,NA,NA,NA,NA,NA,NA,NA,706155,686435,681450,698105,725010.9,713000.4,708298.199999999,713326.800000001,701612.1,704284.5,704738.4,701826.300000001,700051.5,693967.199999999,704401.800000001,712944.300000001,694971.9,678192.9,633919.8,633180.3,1282613.97563553,829049.931365879,815625.771309648,800724.637308116,799339.107875527,1026120.95293776,785941.550195527,766234.943819297,749564.209562939,760371.221746709,1150803.54721329,713421.157177764,681957.413454824,653749.000154121,650661.435555527,966448.088900472,627855.629758824,622428.438330121,799111.220757061,618902.239802709,801771.921948472,604017.034401665,593039.252555208,163701.502514709,162258.928423412,162116.114387885,160516.892357061,155245.057385176,155608.707361533,105047.257694824,63792.692952,NA,NA,NA,NA,NA
Benin,BEN,Methane emissions (kt of CO2 equivalent),EN.ATM.METH.KT.CE,NA,NA,NA,NA,NA,NA,NA,NA,NA,NA,173048,168921,169088.5,186152.5,147585.84,162743.55,170119.17,199155,170575.62,185902.65,231195.24,194912.82,225036.99,211858.59,211340.43,195222.9,192679.02,202324.14,190402.38,208186.59,448233.955338441,236421.404155118,267188.672116383,254210.332230236,262635.779733559,346985.129580383,281784.948114441,288411.587809265,254462.720267029,271558.289656677,435787.859694824,258464.028471323,289500.162561176,248400.83500253,259375.024283118,425640.624907029,272239.065500971,323819.006239322,525703.028748972,397624.28252547,512617.641814237,388390.062174147,393110.181817265,76116.934433853,75589.6396584409,77223.1594935591,80228.5025728819,80821.6591944409,82852.7845569712,51279.0829033228,32236.955296,NA,NA,NA,NA,NA
Burkina Faso,BFA,Methane emissions (kt of CO2 equivalent),EN.ATM.METH.KT.CE,NA,NA,NA,NA,NA,NA,NA,NA,NA,NA,230671,230105,220272.5,216537.5,210934.98,218744.1,225284.34,236587.47,235085.52,247392.84,266409.21,264219.78,277334.43,279144.93,287324.82,307968.6,315190.2,325142.34,329527.83,342245.19,473114.611288,458026.242120588,481603.13902147,491278.941167412,507635.579160766,547477.49491706,545022.826660882,565352.100268473,575598.81770694,550669.001374467,597631.222905764,620738.602705764,626497.228200588,684567.58288,718669.507374825,756315.050954122,777022.750894824,835901.078626709,850996.089715527,885872.155841533,920851.196167412,932297.43452294,940111.440742236,259322.697555527,264782.591838467,268396.374515527,281837.700851885,285853.571155527,287872.819780703,199418.108405879,123266.18512,NA,NA,NA,NA,NA
Bangladesh,BGD,Methane emissions (kt of CO2 equivalent),EN.ATM.METH.KT.CE,NA,NA,NA,NA,NA,NA,NA,NA,NA,NA,4565245,4322740,4402860,4431140,4475872.2,4631422.2,4498511.1,4535445.3,4651924.2,4705948.5,4439978.4,4492335,4518492.9,4263987.6,4393221.6,4440825,4495170.6,4410689.1,4387713.6,4469645.1,8424520.85670493,5197675.03772141,5216899.7436207,5163406.44952,5188022.32152281,6755406.70295156,5273073.67644703,5310800.27615157,5238919.66401226,5448545.39309367,8773457.0682786,5515103.50145508,5605577.75633789,5668214.55389648,5609335.8124414,9116210.52511719,5815124.10766492,5899073.31335719,7870520.29224281,6118914.09754633,8260659.02300422,6362615.46351719,6420531.1112,1597591.70392,1609915.22817508,1623705.57676422,1618324.14914352,1661908.8478607,1666025.06236703,1170365.84986352,711231.97736,NA,NA,NA,NA,NA
Bulgaria,BGR,Methane emissions (kt of CO2 equivalent),EN.ATM.METH.KT.CE,NA,NA,NA,NA,NA,NA,NA,NA,NA,NA,496995,512980,534475,550985,567747.3,596735.7,617977.2,631624.8,648572.1,668477.4,690290.1,711648.9,733482,748307.699999999,764474.699999999,767269.5,777510.300000001,789745.199999999,790280.699999999,803882.4,1590613.47935693,986110.680805879,964419.559038467,902578.159235527,848911.238588115,1043791.48899553,861146.593198467,843038.610539297,839642.289838466,829211.64799412,1270023.53001483,807763.232548115,779035.845057533,791560.029770352,781312.428358824,1146575.27034965,743674.634119055,736360.232818352,956083.923075296,701833.162680767,928922.653395118,699688.936433789,690172.900456213,142707.705219706,142353.694088,140682.965785176,135157.021641764,134358.49525053,132129.180232588,89054.9831383516,55843.972976,NA,NA,NA,NA,NA
Bahrain,BHR,Methane emissions (kt of CO2 equivalent),EN.ATM.METH.KT.CE,NA,NA,NA,NA,NA,NA,NA,NA,NA,NA,39571.6,39663.05,40750.05,47937.75,54630.6900000001,52085.28,55031.55,61588.62,62985,67004.31,67544.4,72335.3399999999,69504.33,69698.13,73938.78,83487.51,82147.74,82433.3399999999,86052.3,89760.5099999999,232233.676366646,159478.558198646,170326.953030645,179225.917168,181887.972465942,227162.454785942,209395.431393355,226685.148534824,243637.065905176,256448.605428115,356614.173951054,278627.796674352,289890.845305176,298521.165028473,306365.245088945,411742.536008945,336407.458690351,353682.38755706,431887.120085879,383449.747426709,461044.447208946,407977.409994121,415095.645453291,274269.629091885,282778.012008945,289709.18828294,297430.459564473,303898.115881406,309404.964794121,226917.718669648,141131.47224,NA,NA,NA,NA,NA
"Bahamas, The",BHS,Methane emissions (kt of CO2 equivalent),EN.ATM.METH.KT.CE,NA,NA,NA,NA,NA,NA,NA,NA,NA,NA,4680.91,4962.895,5156.6,5372.7,5261.823,5419.566,5285.946,5842.407,5469.597,5513.712,5745.099,6090.93000000001,6128.211,6135.963,6220.827,5942.97900000001,6098.27399999999,6358.629,6625.155,6942.171,9571.28052784185,9578.41269584185,9795.47087184186,9973.43003984185,10180.6432158419,10844.8723456949,10670.3013216949,10842.8882976949,11017.0272951525,11154.1802711526,11703.5642471526,11517.2547831526,11757.6103191526,11934.2028551526,12519.7263664633,12593.3449406102,12811.3635006102,13186.4280144633,13568.0595959209,13732.4911264633,13970.8226864633,14282.5777119209,14339.0017239209,4095.18990977396,3959.90869992093,4101.80240577396,4128.81547777396,4220.08856323163,4141.71660577396,2827.61969123163,1785.43376,NA,NA,NA,NA,NA
Bosnia and Herzegovina,BIH,Methane emissions (kt of CO2 equivalent),EN.ATM.METH.KT.CE,NA,NA,NA,NA,NA,NA,NA,NA,NA,NA,158685,160105.5,161137.5,162973.5,176989.38,170858.67,169277.67,169480.65,173248.02,177007.23,186690.09,197307.27,215114.43,230353.74,233596.83,236885.82,230817.84,232478.4,219897.72,224390.82,468833.241065176,291499.49363453,233825.604144677,204646.064675118,127586.525552,148595.307661559,114343.716875706,143095.695944588,162533.110094147,168148.824881764,291418.110341559,169036.533537853,160409.881219617,180911.060662236,181916.599299118,285858.459759323,197622.931268383,207560.598855412,271299.294353763,218092.480534147,272088.152873265,216650.339329764,216524.582017265,72060.3578092651,66934.0926652651,67655.8780105303,67303.9206868242,66310.938515706,68361.3983827349,47553.4861353228,29287.636392,NA,NA,NA,NA,NA
Belarus,BLR,Methane emissions (kt of CO2 equivalent),EN.ATM.METH.KT.CE,NA,NA,NA,NA,NA,NA,NA,NA,NA,NA,606255,636435,658790,677155,714535.5,738847.199999999,747573.300000001,756330,773899.5,784533,793922.1,801419.1,816729.300000001,835737,854739.6,873946.199999999,886915.5,908034.6,904036.199999999,922773.6,1956073.08730658,1209459.17484141,1138954.986,1084474.49325035,1032482.95676447,1265278.30742517,942553.615709648,924527.466597061,925148.101577763,913487.874908115,1410350.16001483,881018.569170352,880066.051453292,871422.792952588,890524.171453291,1416149.92127412,938396.73396294,965757.01419706,1294860.64807106,1030735.95385482,1375881.44510824,1061759.40015421,1071111.58939053,319481.403665176,321076.58340447303,325893.210248945,317837.62898377,321460.787555527,321751.254986582,221358.849591055,136634.10328,NA,NA,NA,NA,NA
Belize,BLZ,Methane emissions (kt of CO2 equivalent),EN.ATM.METH.KT.CE,NA,NA,NA,NA,NA,NA,NA,NA,NA,NA,4824.445,5403.85,5627.05,5762.35,6516.98399999999,6695.331,6448.593,6845.52599999999,6885.15299999999,7411.167,7245.72300000001,7024.63800000001,7937.69099999999,7264.032,7457.628,7304.628,7305.85200000001,7566.921,7701.35699999999,8085.336,124348.474374058,126687.036288767,129391.919958058,131270.267872767,133710.677610352,112419.349584,92081.0184608819,71796.2433457637,51454.4012769712,31784.814153853,11713.5068766102,11791.2447417739,12516.2727046893,13469.348608,13096.848536,13812.338417853,14976.4231473898,16067.1822430735,17056.7272275479,18567.3313312316,20337.300499706,20573.2905775591,20154.514808,10002.0536757061,9028.72680323163,8870.2328973786,9161.69837308466,9491.912976,9657.63048985303,6695.13796555909,4112.358632,NA,NA,NA,NA,NA
Bermuda,BMU,Methane emissions (kt of CO2 equivalent),EN.ATM.METH.KT.CE,NA,NA,NA,NA,NA,NA,NA,NA,NA,NA,998.489999999999,1017.805,1052.5,1091.8,1069.8576,1098.948,1075.4217,1165.8396,1109.6784,1118.1342,1159.2606,1176.4782,1217.2119,1273.5873,1256.4513,1141.7778,1116.9561,1144.7562,1187.025,1244.3898,1107.7352,1116.4522,1114.787,1125.2934,1142.5664,1154.8392,1166.859,1167.6364,1179.0996,1197.9458,1219.7866,1234.5664,1252.6674,1268.7812,1287.7378,1302.7798,1320.9452000000001,1332.2244,1353.2878,1374.434,1396.2334,1410.195734,1424.158068,NA,NA,NA,NA,NA,NA,NA,NA,NA,NA,NA,NA,NA
Bolivia,BOL,Methane emissions (kt of CO2 equivalent),EN.ATM.METH.KT.CE,NA,NA,NA,NA,NA,NA,NA,NA,NA,NA,825430,567460,752615.000000001,633050,720910.5,834018.300000001,983825.699999999,764097.300000001,961278.6,1019678.7,1082898.3,971356.199999999,1015741.5,1080531.9,853709.4,932371.800000001,953572.5,1150927.2,992715,1011279,2107201.89984741,1272573.17969482,1358113.33,1457176.61091553,1189446.25091553,1615243.41847412,1277806.1098474101,1322107.77183105,1189578.02152588,2039862.34755859,2044911.28213623,1221222.35274658,1423020.38969482,1262375.21244141,2951387.92244141,2831636.94207693,1284633.79404447,1327081.60494211,1781711.43057176,1385551.43628141,1938414.12946965,1512038.9152593,1535956.93371553,481055.598035527,478325.028524473,488836.183976231,499340.143549649,497792.864648945,495741.355363067,353168.903481406,212782.28336,NA,NA,NA,NA,NA
Brazil,BRA,Methane emissions (kt of CO2 equivalent),EN.ATM.METH.KT.CE,NA,NA,NA,NA,NA,NA,NA,NA,NA,NA,10386850,9061350,10115550,9657200,10548687,11355150,12681660,11754174,12480771,12959610,14048919,13679220,14077122,14290965,13682382,14123532,14751342,15993804,15459681,15792456,31840355.2511719,20528930.5297656,21349991.5541797,22127711.4004687,21237937.6688281,28407915.2346484,21873394.6448828,22200954.5902344,23363100.8092969,22759818.1541797,35233945.1214063,23430539.4,24741633.8848828,26468334.1444141,28651558.9702344,47430586.4253515,26301025.3644141,26561058.6492969,34955293.6990625,27037822.8146484,36813860.1985937,29586109.5900625,29975736.1602625,7980520.22085469,8090069.55417969,8210471.43566875,8254693.90833126,8212798.00099375,8107201.01158593,5703524.69969688,3593711.784,NA,NA,NA,NA,NA
Barbados,BRB,Methane emissions (kt of CO2 equivalent),EN.ATM.METH.KT.CE,NA,NA,NA,NA,NA,NA,NA,NA,NA,NA,5001.85,4981.175,4969.835,5171.75,5161.71,4821.7542,4831.0056,5005.7112,5015.4981,5116.32,5367.648,5268.147,5172.522,5265.903,5414.772,5325.42,5506.623,5567.874,5823.435,6296.81699999999,45469.1423569712,45935.6251163833,46634.0098294697,47185.9226270288,47880.1443864409,48274.3669322939,48280.346254147,47857.171576,48167.399249853,48491.7719237061,49051.8805895591,48130.617099706,48012.4605637061,47951.817035706,47689.555099706,47843.021971706,47765.233611706,47896.3052597061,48087.0668615591,48359.7034634121,48546.5571034121,48683.7816052651,48889.6021071181,43913.5963071182,44064.3690209712,44175.7777809712,44278.9126548242,44450.6365366773,44572.2044486772,30575.9953225303,18876.567616,NA,NA,NA,NA,NA
Brunei,BRN,Methane emissions (kt of CO2 equivalent),EN.ATM.METH.KT.CE,NA,NA,NA,NA,NA,NA,NA,NA,NA,NA,80740.5,63824.0000000001,86679.4999999999,130556,131981.37,146245.56,178523.97,202587.81,208366.62,196710.57,227831.79,183776.46,188456.73,224795.76,176198.88,166335.48,167295.3,186141.84,170532.78,159478.02,361211.007281808,249073.448234486,273095.031702147,260308.155169809,259404.119141559,351290.877323118,265309.586637559,268124.356761265,418559.884274441,275378.303340926,414602.733644294,282143.380028338,282689.695763706,296207.224452926,290778.523084926,465456.416869514,307058.737255412,294708.067908339,395115.845744,291653.514225265,374195.931889265,291665.35722522,292403.432465808,80730.1404184855,79829.0029064856,78080.9977378084,76658.6836498084,76274.5402867796,74574.7772750735,21047.8933015144,12310.991072,NA,NA,NA,NA,NA
Bhutan,BTN,Methane emissions (kt of CO2 equivalent),EN.ATM.METH.KT.CE,NA,NA,NA,NA,NA,NA,NA,NA,NA,NA,34920.55,35434.55,35908.55,36574.75,37949.049,38167.686,38645.862,39331.506,40473.6,41264.049,42056.385,42324.084,43343.217,44320.683,45261.225,46583.859,47579.583,48573.7770000001,45691.257,46024.7460000001,56370.9892815367,54348.6052913898,66892.4364458306,66747.1544938307,66602.2715338307,67705.8543910958,65591.9869633898,61070.6874673898,61658.4260095367,70308.8413910958,62106.1900095367,55182.852385853,58043.817809853,53595.126225853,58461.795649853,60547.4000452428,70574.0634033898,64499.4956932428,67056.874041853,74908.3924858306,92248.0858138307,93005.5166298307,93706.1402455591,12462.6388618307,11868.876753853,11598.496846147,11635.570302147,11691.28672,11366.8101330847,6147.88362723163,3612.191096,NA,NA,NA,NA,NA
Botswana,BWA,Methane emissions (kt of CO2 equivalent),EN.ATM.METH.KT.CE,NA,NA,NA,NA,NA,NA,NA,NA,NA,NA,261620,161778,186265,200780,195719.64,234374.07,231466.56,263687.34,261114.39,311853.78,271687.71,251548.32,271934.04,261729.96,212684.28,206332.23,199734.36,252247.53,207193.62,235215.06,569282.932969764,326891.242402939,406798.80937853,280696.061185176,323017.028305176,504938.480381469,332623.688915527,322674.349084473,292101.805839233,298794.85,444016.997771118,361520.791003706,394332.130075527,260896.34761347,268562.24069347,454341.291582734,270846.071465176,256943.930050441,407002.138161763,266107.274929764,461311.007926467,420573.996613291,310000.711380882,95027.5626462363,67293.0895217637,63147.4964356167,55313.1014344409,81642.6092886772,63661.8927914121,25197.156171706,27475.95056,NA,NA,NA,NA,NA
Central African Republic,CAF,Methane emissions (kt of CO2 equivalent),EN.ATM.METH.KT.CE,NA,NA,NA,NA,NA,NA,NA,NA,NA,NA,1444480,1373295,1339360,1524010,997560,1148020.2,1224907.8,1604036.7,1198352.1,1401719.7,1968181.8,1447211.7,1826774.1,1612625.1,1573084.8,1314871.8,1356819.3,1470523.8,1287291,1516138.2,2161115.8843807,1523247.77538576,1898252.68617012,1699167.27477718,1671850.10424,1960574.98871083,1905225.98135847,1946954.36074965,1298436.54341776,1352766.78357188,1503605.02647259,1906981.82096212,1301079.69030635,1453824.35855847,1338175.08279082,1423961.39590671,4465674.94467707,7037320.40184153,4742851.90076447,3615007.18543435,4111030.03837776,4166803.69741035,4183126.84478011,257456.123170352,257183.337929764,264072.19308294,281801.802597061,268323.483484473,274286.364451885,123849.297443527,80868.0376,NA,NA,NA,NA,NA
Canada,CAN,Methane emissions (kt of CO2 equivalent),EN.ATM.METH.KT.CE,NA,NA,NA,NA,NA,NA,NA,NA,NA,NA,3364775,3407700,3301845,3367175,3390729.9,3302525.4,3456356.7,3323812.8,3189244.2,3728115.3,4026771.3,4003755,3518903.1,3526094.1,3627874.8,3757455.6,3736611.9,3781374.6,4000827.6,4709814.3,7846622.26824281,5188342.79062773,5333710.82321789,5645769.21364703,6377131.23486492,8740539.07217227,6188860.42201227,6225673.8297007,7043639.32757649,6560242.43832,10149536.0443737,6489642.96512281,6675292.86612422,6871855.20744844,7066178.6596207,10450488.9656744,6788279.61912844,6764024.87462773,8708732.42048281,6438242.26269367,8452228.90887438,6533825.92057283,6607196.45516211,1744599.00687438,1786972.7658607,1778177.44945789,1781429.44651297,1848377.03744844,1899458.39022774,1334258.48779297,801147.084,NA,NA,NA,NA,NA
Central Europe and the Baltics,CEB,Methane emissions (kt of CO2 equivalent),EN.ATM.METH.KT.CE,NA,NA,NA,NA,NA,NA,NA,NA,NA,NA,9571155.21,9825716.61,10089669.66,10438345.44,10776452.49,11114050.05,11367520.05,11658049.71,11927282.79,12180364.17,11964725.97,11293162.05,11886267.06,13034452.5,12774959.4,12890135.25,12715842.75,12768539.52,12698414.01,12269459.13,15912804.3389508,12327888.2495942,11655814.3751058,10564752.3328448,10313322.5510095,10029524.7328078,9902943.19714897,9730503.82716669,9152343.75149998,8873145.27228021,11155696.0433469,9082754.63299249,9009539.09720781,9070474.17741213,8964481.88348622,10741766.389301,8917406.23663521,8749371.19788891,10402219.6135187,8550633.33724749,10455563.1030099,8453055.59146444,8534910.38084766,1909965.61056258,1885392.01525935,1880549.44032234,1848347.71235851,1849629.6942923,1842768.37777049,1148068.83849546,705136.678808,NA,NA,NA,NA,NA
Switzerland,CHE,Methane emissions (kt of CO2 equivalent),EN.ATM.METH.KT.CE,NA,NA,NA,NA,NA,NA,NA,NA,NA,NA,248798.4,242219.91,245905.68,258094.17,262118.58,261399.99,265617.18,270980.85,273065.73,275270.46,279664.11,278997.03,277195.71,285011.46,285152.22,288605.43,288586.56,287163.15,290035.98,297265.74,607400.574828882,390376.13526653,383509.844323706,378444.378532473,378939.51846106,470389.357305943,372087.877585942,359454.395921354,355470.865574236,345062.128676473,529326.309465355,344614.158908294,340760.388532882,333821.00867453,332486.273011706,501930.405658939,331546.731659118,331011.507635527,425941.250754351,328226.896227706,427455.828959233,326689.136353941,325928.834447001,99466.3149783516,98380.5603352334,97303.1315687666,96862.7948645879,96083.2842936485,95321.4916220576,65535.5831194121,39801.916464,NA,NA,NA,NA,NA
Channel Islands,CHI,Methane emissions (kt of CO2 equivalent),EN.ATM.METH.KT.CE,NA,NA,NA,NA,NA,NA,NA,NA,NA,NA,NA,NA,NA,NA,NA,NA,NA,NA,NA,NA,NA,NA,NA,NA,NA,NA,NA,NA,NA,NA,NA,NA,NA,NA,NA,NA,NA,NA,NA,NA,NA,NA,NA,NA,NA,NA,NA,NA,NA,NA,NA,NA,NA,NA,NA,NA,NA,NA,NA,NA,NA,NA,NA,NA,NA,NA
Chile,CHL,Methane emissions (kt of CO2 equivalent),EN.ATM.METH.KT.CE,NA,NA,NA,NA,NA,NA,NA,NA,NA,NA,545645,568240,613415,613230,623153.7,646593.3,668457,631675.8,638520,648383.4,645491.7,614646.9,603727.8,593981.7,594201,561346.8,564248.7,578901,597898.5,608623.8,1230524.94978811,765326.733853291,786567.897709648,831814.74416,866493.939542236,1183592.40709776,928889.641834121,967938.809694825,977930.358318467,1020268.44366518,1677858.64847412,1049478.69229188,1052297.22740294,1048064.49938965,1054912.23274965,1738404.78755553,1077864.36076294,1053576.47106812,1403165.34847412,1069171.47183106,1414255.12893189,1081594.94617482,1094672.13166671,228885.163198467,220072.251774824,214814.393170352,219759.856429648,222021.633271055,229562.715309648,151209.771010352,94364.2848,NA,NA,NA,NA,NA
China,CHN,Methane emissions (kt of CO2 equivalent),EN.ATM.METH.KT.CE,NA,NA,NA,NA,NA,NA,NA,NA,NA,NA,39054400,40690700,41288550,41349550,42372483,43585212,43951035,44451702,44737710,44592156,44325936,43918395,44397642,45418968,46347270,46339263,47205294,47975343,49039101,50568642,98276905.0657938,61142887.7835593,61121802.804,60940349.3343438,62125416.1990625,84370392.3502062,66384812.536525,64379472.7950906,64235373.3555313,64038082.4977093,102235059.843228,63739640.8611875,65190871.110925,68284353.279725,73789541.6497938,123036042.040937,81605151.341875,84592658.241875,118630955.741406,92177478.7449375,127018895.717188,99218659.3721374,102029959.942181,21891532.782125,22236233.8444688,22402397.5814062,21909280.7131562,22026322.841875,22403923.21175,15186420.6185938,9490281.448,NA,NA,NA,NA,NA
Cote d'Ivoire,CIV,Methane emissions (kt of CO2 equivalent),EN.ATM.METH.KT.CE,NA,NA,NA,NA,NA,NA,NA,NA,NA,NA,390160,377742.5,374334,412574.5,313804.5,349083,367605,441945,371425.5,411566.5,515780,422331.5,498166,462839.5,462615.5,420335,435030.5,460884,433648.499999999,482103.5,1008039.579144,586954.706618939,729242.325025763,753068.166151054,825983.539542237,1049337.94679259,883774.863817764,903350.341068115,888965.044961533,827189.305191055,1520092.68061035,951562.594770351,933396.159918466,771511.781484472,760230.49648,1298876.86201329,854072.775410351,854648.16888,1147226.82212447,871692.654144,1201240.37444094,891265.882560767,882662.063130351,140678.181301061,132132.574692473,131263.819762352,143913.671428294,138703.357857176,137630.959591233,98392.806028294,63842.922152,NA,NA,NA,NA,NA
Cameroon,CMR,Methane emissions (kt of CO2 equivalent),EN.ATM.METH.KT.CE,NA,NA,NA,NA,NA,NA,NA,NA,NA,NA,414311.5,409850.5,399323.5,429551,349467.3,384770.52,407419.62,482027.52,422583.96,462213.51,584103,503448.54,561433.5,657869.4,663601.8,630094.8,721762.199999999,714346.800000001,558536.7,685924.5,1487236.97007105,902240.114634121,965977.285758466,926956.212690351,851030.749847412,1200568.43412294,907540.196487412,927011.028626709,864347.412902236,879605.525114121,1657111.58954224,1031650.80253035,902586.015060702,912164.844081533,914830.396459297,1468793.61028294,1008653.04972294,1372007.64007847,1565044.97768741,1153626.81636447,1443845.08679259,1104217.19192894,1118413.49896895,278560.375518467,285349.993337764,302855.271767412,308252.306408945,299243.406318467,302907.042485879,217126.43804294,142381.9636,NA,NA,NA,NA,NA
China and India,CNI,Methane emissions (kt of CO2 equivalent),EN.ATM.METH.KT.CE,NA,NA,NA,NA,NA,NA,NA,NA,NA,NA,NA,NA,NA,NA,NA,NA,NA,NA,NA,NA,NA,NA,NA,NA,NA,NA,NA,NA,NA,NA,NA,NA,NA,NA,NA,NA,NA,NA,NA,NA,NA,NA,NA,NA,NA,NA,NA,NA,NA,NA,NA,NA,NA,NA,NA,NA,NA,NA,NA,NA,NA,NA,NA,NA,NA,NA
"Congo, Dem. Rep.",COD,Methane emissions (kt of CO2 equivalent),EN.ATM.METH.KT.CE,NA,NA,NA,NA,NA,NA,NA,NA,NA,NA,5979150,2461315,2803665,3144210,2478520,3326410,2749170,3426760,3685465,5454800,4120650,3289985,3970765,3896915,2479940,2584130,2424775,4198680,2283010,2885480,7677909.53051553,3741173.78384307,6869670.64113789,3133286.95934824,4000024.45213623,4960805.5983586,3286398.06137176,3064904.09836141,3446027.92038824,2722407.07401176,5183051.18970071,3082199.4595407,3471113.80151694,2920165.01808,3424561.38869623,4805650.65412447,4863467.02449482,9088382.51486517,5018812.63348448,3719173.60751693,5325425.9452207005,3952091.16667693,3977907.6514993,616235.097955527,631317.954716933,652633.931407539,662724.895768945,692921.596764219,677227.00128,456884.094340703,285473.67496,NA,NA,NA,NA,NA
Congo,COG,Methane emissions (kt of CO2 equivalent),EN.ATM.METH.KT.CE,NA,NA,NA,NA,NA,NA,NA,NA,NA,NA,333870.5,208530,223594.5,262500.5,253363.5,268635.5,247984.5,257218.5,265032,330112.5,284696,258887,287402,288469,240632.5,246888.5,245901.5,315504.5,252241,280947.5,824800.813576766,365309.36294106,488468.194229061,345038.283974824,367903.859957649,678927.054264,376111.269518058,388003.269390646,412587.640881764,390786.338296588,1083218.81271141,522878.12184294,368597.516982824,401110.816343412,442030.581101648,1071873.19807259,435211.914813879,515219.020579706,550674.525184767,478079.570315706,598153.351065176,465069.241292703,460092.599689176,123751.559485648,119625.839657764,119627.170854236,116951.856145176,125810.803520588,146881.002462236,131010.724355527,79658.082944,NA,NA,NA,NA,NA
Colombia,COL,Methane emissions (kt of CO2 equivalent),EN.ATM.METH.KT.CE,NA,NA,NA,NA,NA,NA,NA,NA,NA,NA,1846050,1828500,1909020,1904845,2029601.1,2117300.7,2199318.9,2182856.1,2289752.1,2301517.8,2305730.4,2318842.5,2371551,2342430,2235370.8,2259060.3,2313018.3,2426416.8,2418675,2489748.6,5301962.79061035,3353531.63694824,3431911.83244141,3516622.62183105,3490258.80244141,4599266.21328613,3666809.65816895,3681333.05488281,3703977.03816895,3572646.22366211,5845148.68427246,3711018.34427246,3753834.32671387,3817367.94366211,3892618.21244141,6025960.28192,4010851.14671156,4133925.97103438,5420726.02488844,4433568.66464281,5722021.21309648,4455828.24014211,4453607.78277367,1337509.38340141,1338903.55288844,1331111.91650633,1340836.50445648,1378599.22713508,1432265.99178633,1008851.41119156,617251.20096,NA,NA,NA,NA,NA
Comoros,COM,Methane emissions (kt of CO2 equivalent),EN.ATM.METH.KT.CE,NA,NA,NA,NA,NA,NA,NA,NA,NA,NA,7102.85,7142.45,7236.2,7365.65,7508.80000000001,7643.85000000001,7968.55,8116.55,8282.75,8501.1,8508.95,8516.8,8489.75,8426.2,8603.4,8510.05,8543.6,8546,8737.7,8989.64999999999,11544.3201678419,11502.0081358419,11793.6450576949,12065.2070256949,12304.2339856949,12955.1669456949,12842.0686391526,13096.3923031526,13428.1779751526,13772.3626391526,13717.7493198419,13972.8625431526,14283.0727751526,14142.6170151525,14381.1782471525,14633.2604791526,15284.1665904633,15056.1667271526,15698.4508384633,16527.6289584633,16798.8201079209,17200.5832072316,17452.7083232316,4533.2926806893,4635.92449854233,4725.61636254233,4802.256096,4763.739816,4813.19948985303,3243.28129091534,1894.54296,NA,NA,NA,NA,NA
Cape Verde,CPV,Methane emissions (kt of CO2 equivalent),EN.ATM.METH.KT.CE,NA,NA,NA,NA,NA,NA,NA,NA,NA,NA,2290.72,2251.825,2363.735,2298.425,2301.6351,2301.7932,2377.3701,2442.2523,2535.924,2631.2481,2751.4857,2845.3665,3003.7878,2782.0041,2807.7285,2996.1837,3215.2491,3463.4202,3863.8977,4092.4899,5573.94678484744,5553.80701684744,6184.33307030512,6318.53089430511,6070.69410484744,6695.33315830511,6098.58750484744,6330.10208084745,6647.01604884744,6747.51502484744,6715.98399284745,6855.68570484744,7003.63641684745,7201.04712884744,7536.90786230512,7680.56957430511,7830.24951030512,7968.90144630511,8130.98638230511,8452.27731830512,8752.69324596046,8783.15197430511,8862.17069430511,1905.94132630511,1917.59068630511,1989.66403830511,2042.06318996046,1872.48135830511,1876.74951030511,1162.46267030511,745.660808,NA,NA,NA,NA,NA
Costa Rica,CRI,Methane emissions (kt of CO2 equivalent),EN.ATM.METH.KT.CE,NA,NA,NA,NA,NA,NA,NA,NA,NA,NA,129925.5,133753,138744.5,152656.5,154898,159520,160957,164629.5,170916,178356.5,179454,188471.5,189654.5,193578,199908,193428,192034.5,191424.5,187466,183197,389564.358076294,251175.265839233,250301.855686646,246469.28538147,229586.318305176,272441.945343323,211111.275305176,208430.640267029,213780.377809265,208995.834885559,318904.037809265,203442.418076294,198428.873343323,195672.412580383,192701.657732971,272860.613190735,179464.476110735,179059.009259617,219257.521615412,182996.47630653,228328.506997648,188137.919411527,188104.152536588,83154.2557114121,83428.1987149394,84288.2046503516,87393.7457957061,89172.6443908242,90585.2019857637,62807.5815888818,37203.529192,NA,NA,NA,NA,NA
Czechoslovakia,CSK,Methane emissions (kt of CO2 equivalent),EN.ATM.METH.KT.CE,NA,NA,NA,NA,NA,NA,NA,NA,NA,NA,NA,NA,NA,NA,NA,NA,NA,NA,NA,NA,NA,NA,NA,NA,NA,NA,NA,NA,NA,NA,NA,NA,NA,NA,NA,NA,NA,NA,NA,NA,NA,NA,NA,NA,NA,NA,NA,NA,NA,NA,NA,NA,NA,NA,NA,NA,NA,NA,NA,NA,NA,NA,NA,NA,NA,NA
Caribbean small states,CSS,Methane emissions (kt of CO2 equivalent),EN.ATM.METH.KT.CE,NA,NA,NA,NA,NA,NA,NA,NA,NA,NA,298761.8556,271988.0643,273462.1989,280036.0989,302840.2134,321698.3049,319318.5021,323747.0157,329813.0475,319044.8004,338554.8963,329180.0712,361257.735,359204.22,363502.8927,367217.7684,373803.4953,385588.1367,375237.8754,366775.068,809956.960255643,699937.134463665,725211.185835069,709108.458638389,678124.702544549,706625.177358565,670547.595090215,643749.342208638,753348.354020839,634437.735947398,858571.349722503,677076.765579282,718150.312014175,848882.731466263,906923.388438098,1233311.50738229,1029165.1752564,1059552.34721803,1354752.09578252,1688206.67330904,1482282.36287096,1173247.67418162,1202006.29859006,298411.786438544,300100.557917973,295107.028276294,278750.307404927,282552.953111716,283055.002325332,221717.832096848,132564.992344,NA,NA,NA,NA,NA
Cuba,CUB,Methane emissions (kt of CO2 equivalent),EN.ATM.METH.KT.CE,NA,NA,NA,NA,NA,NA,NA,NA,NA,NA,680010,609400,590995,618220,613380,605490,602965,598905,604505,612015,593010,582600,607550,591945,607040,598330,602155,597460,599440,615140,1218132.67847412,782822.778168945,767561.578321533,696365.519084473,723412.340610351,876139.050457763,747170.838931885,734906.54225329,717665.661302236,708321.570961533,1102792.83352,691412.444805879,708362.244951055,695507.773032588,675982.942792588,971647.973395527,622642.379949648,611543.898640001,767139.027868115,625803.72564294,774804.103265175,625235.372924472,628686.305788115,235422.0652,234660.038284473,225268.54328,227922.521970352,220189.277834121,221491.32667706,142442.703914121,83018.65352,NA,NA,NA,NA,NA
Curacao,CUW,Methane emissions (kt of CO2 equivalent),EN.ATM.METH.KT.CE,NA,NA,NA,NA,NA,NA,NA,NA,NA,NA,NA,NA,NA,NA,NA,NA,NA,NA,NA,NA,NA,NA,NA,NA,NA,NA,NA,NA,NA,NA,NA,NA,NA,NA,NA,NA,NA,NA,NA,NA,NA,NA,NA,NA,NA,NA,NA,NA,NA,NA,NA,NA,NA,NA,NA,NA,NA,NA,NA,NA,NA,NA,NA,NA,NA,NA
Cayman Islands,CYM,Methane emissions (kt of CO2 equivalent),EN.ATM.METH.KT.CE,NA,NA,NA,NA,NA,NA,NA,NA,NA,NA,610.26,625.595,644.645000000001,668.66,701.515199999999,724.3326,746.165700000001,788.8374,799.613700000001,819.085500000001,854.2245,895.718099999999,923.7324,1122.9537,761.980799999999,755.957700000001,779.4789,792.779700000001,821.406,842.326200000001,809.1584,815.5386,838.3316,858.268,888.7476,913.946399999999,935.782600000001,949.798799999999,972.007599999999,999.055600000001,1022.4282,1044.1218,1066.9332,1087.0168,1108.6184,1129.8152,1154.9082,1190.2178,1229.5708,1253.6242,1295.3416,1308.295016,1321.248432,NA,NA,NA,NA,NA,NA,NA,NA,NA,NA,NA,NA,NA
Cyprus,CYP,Methane emissions (kt of CO2 equivalent),EN.ATM.METH.KT.CE,NA,NA,NA,NA,NA,NA,NA,NA,NA,NA,17027.6,17290.75,17831.85,18253.1,17206.75,12636.1,13130.75,14068.75,14913.3,15127.1,15554.95,16077.5,16760,17560.35,18520.8,19215.95,19516.3,20171.8,20735.35,21243.75,45025.3117655591,31264.0913738307,31884.1367116837,32946.1388495367,34747.9824292428,42886.9883830958,36238.7599913674,37056.0068572205,37598.0449070734,37749.9620510735,57353.3336867796,39449.3955609042,41050.5115486102,41608.4490667572,41477.1201947572,61058.0552827572,41041.3726827572,41040.5669787572,52781.2288846103,41486.4932286102,53430.8152784632,42168.4646761673,42678.7492418712,13108.1944144633,13294.6078883163,13422.2812181693,13780.4901002939,13970.498918147,14055.110774147,9661.64462214697,5997.62044,NA,NA,NA,NA,NA
Czech Republic,CZE,Methane emissions (kt of CO2 equivalent),EN.ATM.METH.KT.CE,NA,NA,NA,NA,NA,NA,NA,NA,NA,NA,898165.000000001,906530,909334.999999999,906800,914340.000000001,936530,947534.999999999,985705,976559.999999999,1014465,987095,992240.000000001,993970,1006670,1008645,1006195,998320,995625,989209.999999999,962675,2003283.26626965,1206203.09794965,1085697.88530965,994722.293013418,919330.348311054,1148821.48908447,928516.889475528,912922.213834121,868515.652497891,834639.792946709,1383572.68616895,875172.179540703,846475.302173291,839833.142478467,827756.246154121,1273005.26952741,823745.958967412,817229.386139297,1035661.98342518,799776.741970352,1044488.1010993,806078.664621241,806082.965422614,243420.321099297,242159.966675527,242280.758675527,236792.188028115,236971.636684473,235898.147709648,161582.257281533,99052.7496,NA,NA,NA,NA,NA
Germany,DEU,Methane emissions (kt of CO2 equivalent),EN.ATM.METH.KT.CE,NA,NA,NA,NA,NA,NA,NA,NA,NA,NA,6334600,6303100,6189650,6182650,6247900,6211100,6220200,6172450,6245000,6396650,6451800,6451700,6382850,6229700,6195900,6293950,6211150,6035200,5896650,5869700,11684798.7672,7045081.45498352,6621164.54899297,6384032.12378071,6182445.8874579,7869922.7583379,5872464.55758773,5706252.15033508,5452004.23542493,5287905.19271719,7968303.47563296,4824407.84625508,4597683.02302774,4430336.78927438,4240395.30544844,6351375.03278211,3980050.0203407,3923802.40564754,4919937.33528,3830964.04493648,4832454.35277316,3712172.96586546,3639015.89829705,1067083.39645316,1037899.5139793,1024618.69816281,1005014.6198993,994932.440989648,966231.385896484,631152.108817891,375340.80296,NA,NA,NA,NA,NA
Djibouti,DJI,Methane emissions (kt of CO2 equivalent),EN.ATM.METH.KT.CE,NA,NA,NA,NA,NA,NA,NA,NA,NA,NA,7432.1,7758.25,7999.04999999999,8188.65,8661.65,9344.35,9653.49999999999,10949.15,11648.75,11989.2,12876.65,12808.55,12946.15,14031.1,14830,15787.45,16513.55,17597.3,18806.2,19891.35,28277.7937824633,28251.5919763163,28581.3792083163,29338.1735213786,30433.5906770847,33600.301385853,33831.5550778307,34537.9436076837,35340.1861455367,36756.7466372428,38449.2491670958,37755.7844553674,37977.9265513674,38265.1056393674,38783.9366892205,39096.3257772205,39259.3740812204,39643.5983852205,40002.2196510735,40360.9909550735,40651.3242590735,41061.5977089265,41406.5821889265,12307.3288387795,12410.2847187795,12489.7275686326,12530.1012006326,12529.5398326326,12617.1734726326,8547.62230490417,5279.382832,NA,NA,NA,NA,NA
Dominica,DMA,Methane emissions (kt of CO2 equivalent),EN.ATM.METH.KT.CE,NA,NA,NA,NA,NA,NA,NA,NA,NA,NA,813.690000000001,857.344999999999,902.300000000001,949.57,994.61,1046.545,1093.905,1146.345,1195.96,1251.425,1294.975,1327.295,1359.51,1385.39,1420.64,1479.715,1547.925,1715.995,1743.125,1834.9,3515.35995796046,3550.96089396046,3562.09083796046,3574.28577396046,3586.14891796047,3412.21703830511,3237.51557684744,3059.04593719209,2882.46068263558,2710.26745098023,2528.26439642372,2537.45219642372,2537.77039642372,2539.26699642372,2543.67079642372,2553.40399642372,2563.24966042372,2575.92672442372,2584.18618842372,2596.54125242372,2610.93851642372,2632.92906642372,2655.93261642372,786.190780423721,786.919268423721,787.107756423721,787.288908423721,849.913060423721,851.704204423722,553.174356423721,350.978512,NA,NA,NA,NA,NA
Denmark,DNK,Methane emissions (kt of CO2 equivalent),EN.ATM.METH.KT.CE,NA,NA,NA,NA,NA,NA,NA,NA,NA,NA,384609.5,377757,388656.5,396685,401570.5,399935.5,403920,407881,416458,419784,421610,418730.5,414473,415841.5,407345,404953.5,402618,399030.5,391165.5,393948.5,817526.710020703,555482.457053648,558318.153489533,568044.525410351,559498.526441533,691450.990818121,561200.485128945,564344.802035528,562642.196044473,554187.288788115,845053.389060702,569758.420377764,559650.653088945,555877.920505176,549743.325626709,808699.930908115,538147.23880294,535062.387520945,681661.994008945,516593.204961764,672055.22613094,512972.787050918,508159.414850412,154710.744389879,151865.337117061,151556.285957061,150897.577074121,149251.491486824,147447.089221061,102073.488015233,62230.191368,NA,NA,NA,NA,NA
Dominican Republic,DOM,Methane emissions (kt of CO2 equivalent),EN.ATM.METH.KT.CE,NA,NA,NA,NA,NA,NA,NA,NA,NA,NA,189338,200925.5,203000.5,208104.5,231137.5,246721,264935,265136,255924.5,267743.5,269927,261243,274901.5,288761.5,290689.5,287528,286997,289672,290941.5,302679,603874.868152588,414262.696771118,450344.807313354,452768.495,454138.370762939,564986.348686646,459471.435152588,454243.212084473,451096.194771118,409494.832389648,634705.044923707,429702.48012253,439848.619787118,434610.322596294,447938.585108294,672499.027383412,447130.520609943,459564.087362352,591511.162215412,479366.079755297,599657.002652115,476436.042038467,479929.362738351,165417.495978121,166511.123624588,166945.948532473,168703.018162352,171087.901816588,174008.946141291,119648.525558467,73944.910984,NA,NA,NA,NA,NA
Algeria,DZA,Methane emissions (kt of CO2 equivalent),EN.ATM.METH.KT.CE,NA,NA,NA,NA,NA,NA,NA,NA,NA,NA,642865,718875,995240.000000001,1242305,1101033.9,1015506.9,1228095.3,1315427.7,1418427.3,1419110.7,1328320.5,1204808.7,1174754.4,1301112,1388362.8,1607331.3,1588762.2,1604358,1609876.2,1695867.3,3463214.15090351,2373209.98478211,2568413.06125649,2607061.94062824,2575264.63,3516744.13641176,2899351.79419859,2988565.59732422,3066563.21678774,3242311.1054193,4887828.23098633,3132503.93343719,3171009.58923578,3402285.54633508,3414682.0344207,5102980.93655718,3603657.88112844,3556074.29120563,4476791.41159719,3534505.66876422,4468260.98014211,3562588.77606211,3633732.50816562,1401292.34286492,1446746.50398211,1449834.07525367,1488256.3608,1483305.76146352,1501916.62594352,1183470.95975156,692351.38896,NA,NA,NA,NA,NA
East Asia & Pacific,EAP,Methane emissions (kt of CO2 equivalent),EN.ATM.METH.KT.CE,NA,NA,NA,NA,NA,NA,NA,NA,NA,NA,62148030.058966,61995304.963796,66901257.153023,65783463.037138,63012222.921232,64453680.797269,66208618.2278039,71473858.492514,69689373.6725349,70315694.69866,71057778.701243,69308211.577548,85752678.500908,77625388.327149,71578548.541474,71427388.13091,76059914.96903,83362054.73093,74708055.7533,75634791.36114,142467366.046718,103979115.660236,104916862.692892,97557213.8754986,104368767.485152,118772914.135343,101566245.839049,132727126.185329,104586904.275225,100998391.489699,146757227.833313,101529003.398695,108499049.664733,106068603.86109,114972783.643675,176554015.43942,134892117.351389,125602180.841258,171793034.335628,137400940.76004,184054132.829678,141630192.183995,147182442.783825,35089012.0511043,35560578.5710328,35725213.265742,35327036.9186724,35701249.9699676,36187488.4010081,24628719.3298168,15442676.345816,NA,NA,NA,NA,NA
Early-demographic dividend,EAR,Methane emissions (kt of CO2 equivalent),EN.ATM.METH.KT.CE,NA,NA,NA,NA,NA,NA,NA,NA,NA,NA,68554379.32976,66569964.8645001,72138110.7848799,72587602.2385001,70758820.8286799,71083162.52902,74381597.37032,79350904.88224,77741451.19888,79072518.52546,80185425.89686,78627906.44708,94990236.8035599,85643106.34646,79095431.03654,79529685.3587,84861420.06382,91982889.3411,84143402.18026,85564535.3336,121285792.051483,127917410.108024,129126269.448347,124167841.897976,129998422.553411,126492204.57483,127518160.512656,160006622.303402,134980359.734372,133268877.386436,134584287.405316,135790115.970044,141919224.457119,139984811.375227,145388311.480598,149223442.032291,159657742.819261,149753115.587779,152112136.103181,155163422.843723,155560833.742115,154428820.692094,158387416.306669,53520876.8447888,53860951.118228,54052700.0657514,54746701.2685114,55423940.8168802,55769147.900524,39410162.1173468,23940866.466192,NA,NA,NA,NA,NA
East Asia & Pacific (all income levels),EAS,Methane emissions (kt of CO2 equivalent),EN.ATM.METH.KT.CE,NA,NA,NA,NA,NA,NA,NA,NA,NA,NA,75163680.758972,74486690.228132,79915079.657096,78347131.608556,75861553.465084,77494117.312148,79679383.124468,84856450.595808,82269868.75314,83177508.4826401,84103562.197956,81613440.848476,98551757.7332559,90076250.5030279,84219711.159408,84737085.80766,89157794.46424,95960386.22138,87218646.7137601,88276434.751,165256971.838245,120213637.566295,120908000.234484,113285741.330891,120601688.880448,135899141.252493,117029213.095291,148370182.438179,120102034.487483,116771908.948212,169364198.177884,118228119.20367,124857175.741805,121370285.820812,130711564.896608,200787422.393674,150314370.975907,141687526.077104,191431117.823271,152783372.915092,203908766.331849,157640032.707853,163492807.039684,39383559.8247291,40059203.536626,40138539.7784405,39426177.4223381,40218759.0587433,40675284.5136842,27548705.3725194,17181804.01644,NA,NA,NA,NA,NA
Europe & Central Asia,ECA,Methane emissions (kt of CO2 equivalent),EN.ATM.METH.KT.CE,NA,NA,NA,NA,NA,NA,NA,NA,NA,NA,30866642.64,31398640.39,33163029.36,33431887.98,34292065.17,35437142.87,36684453.39,37328379.65,38302261.57,39014967.87,39862048.58,40719611.5,41931321.32,42987183.92,44249869.57,45057023.59,46436609.02,47515156.83,49154211.14,50108128.51,100997931.241586,65289651.3854049,61771027.3920208,59875321.9428868,55839663.0554947,70162273.7888916,53196815.6477788,49857578.9946998,51269254.0844255,49604025.1224001,75745526.6725018,51620635.9403606,53375057.5314743,55541897.4955918,54957380.641877,79273655.4327535,56489101.5027814,57574818.8644917,67600786.4868777,57378842.8411767,69397106.3753036,60374445.2655845,61736105.7632555,20090521.5458552,20120229.6774929,20131703.1760186,20409646.1335778,20667123.3276106,21107510.4938539,13595206.077402,8242559.458224,NA,NA,NA,NA,NA
Europe & Central Asia (all income levels),ECS,Methane emissions (kt of CO2 equivalent),EN.ATM.METH.KT.CE,NA,NA,NA,NA,NA,NA,NA,NA,NA,NA,64902346.1610399,65481019.57388,67276006.36122,68310673.9301,69583849.8313,71222808.6018,72921596.16656,74031300.90048,75533039.9849399,77029926.2577,77735720.47282,77803235.60742,79449851.70232,81227234.8778801,81823351.07016,83423629.49012,84921930.6532201,85674738.01722,87062192.4866201,87812064.54122,166578458.529941,109460020.219809,104742873.296281,101345872.161994,96582922.2553681,108260035.908176,93949317.3367634,89996112.721424,90396990.726072907,87851855.4432865,131072932.019288,88924993.1073875,89999345.6294774,91653065.315282,90286757.6731011,131601452.778106,90821376.4037787,91526054.678874,119372134.016871,90604896.9048856,121684165.166014,92971933.5950738,94451992.3674302,28528282.7481491,28401208.8003296,28407167.7203871,28634837.304703,28850496.1189491,29179218.4544574,19047787.1708578,11561678.184024,NA,NA,NA,NA,NA
Ecuador,ECU,Methane emissions (kt of CO2 equivalent),EN.ATM.METH.KT.CE,NA,NA,NA,NA,NA,NA,NA,NA,NA,NA,331039,301893.5,317242,328871.5,338823,351405.5,361245,357348,352634.5,376774.5,390737.5,398748,407533,402799.5,444908,465351,502030,494298,537915,547015,1269140.82786377,851848.306948242,902116.183662109,953916.137558594,1027490.18244141,1338078.27511412,1079242.82580141,1060251.21030518,1031145.61511412,1036339.38152895,1484604.29061035,1032397.99755553,1023786.73244447,1093527.47633789,1181576.68572447,1715322.68091859,1179087.02152588,1160420.90576,1438780.39251553,1200491.4185807,1502465.76533623,1218681.56775693,1225979.5643793,507220.604631055,496591.715774825,483160.496228242,487480.21426377,485993.291994121,475951.457668242,362198.428145176,219682.50496,NA,NA,NA,NA,NA
European Community,EEC,Methane emissions (kt of CO2 equivalent),EN.ATM.METH.KT.CE,NA,NA,NA,NA,NA,NA,NA,NA,NA,NA,NA,NA,NA,NA,NA,NA,NA,NA,NA,NA,NA,NA,NA,NA,NA,NA,NA,NA,NA,NA,NA,NA,NA,NA,NA,NA,NA,NA,NA,NA,NA,NA,NA,NA,NA,NA,NA,NA,NA,NA,NA,NA,NA,NA,NA,NA,NA,NA,NA,NA,NA,NA,NA,NA,NA,NA
EASTERN EUROPE,EER,Methane emissions (kt of CO2 equivalent),EN.ATM.METH.KT.CE,NA,NA,NA,NA,NA,NA,NA,NA,NA,NA,NA,NA,NA,NA,NA,NA,NA,NA,NA,NA,NA,NA,NA,NA,NA,NA,NA,NA,NA,NA,NA,NA,NA,NA,NA,NA,NA,NA,NA,NA,NA,NA,NA,NA,NA,NA,NA,NA,NA,NA,NA,NA,NA,NA,NA,NA,NA,NA,NA,NA,NA,NA,NA,NA,NA,NA
Egypt,EGY,Methane emissions (kt of CO2 equivalent),EN.ATM.METH.KT.CE,NA,NA,NA,NA,NA,NA,NA,NA,NA,NA,1038880,1031130,1020190,991840.000000001,1039085,1049655,1079625,1059285,1069570,1058060,1040175,1056355,1090100,1104665,1141055,1158805,1188285,1229745,1239815,1301420,2801679.07786377,1942250.54366211,2017443.96671387,2123215.58755859,2177916.44671387,2815870.61328614,2302441.51267578,2377982.69328613,2350980.35183106,2544419.17328613,3935507.45244141,2665854.70712613,2829536.25035578,2955650.05480613,3034578.44872613,4875675.03195577,3394609.38290684,3452385.80370351,4545462.02061649,3484479.9746993,4444327.85137789,3533593.2085007,3591394.90814492,1180659.16041227,1192229.44252141,1176159.81006211,1203433.56625789,1219268.15710211,1233214.00916703,897381.839493672,515223.354,NA,NA,NA,NA,NA
Euro area,EMU,Methane emissions (kt of CO2 equivalent),EN.ATM.METH.KT.CE,NA,NA,NA,NA,NA,NA,NA,NA,NA,NA,18900841.23,18747314.298,18764058.465,18942981.969,19192082.544,19244614.839,19485067.65,19754236.47,19938617.127,20251739.022,20326350.645,20261050.347,20119821.81,20040740.088,20153692.134,20313798.525,20278696.449,19940796.204,19772149.761,19989166.95,39592610.0091015,24803864.8859178,24232031.9495785,23714828.2758852,23372738.4516812,29378578.0083976,23743958.1082271,23488567.6841464,23143653.7021336,22851769.0872382,35401510.9202647,22261095.8530218,21854128.8142839,21543540.9289956,21162922.4832251,31714792.9802548,20589867.0252671,20470593.4373087,26191385.6417166,20197190.4060099,26344904.860861,19795931.8130184,19851160.4414458,5572164.66929073,5488100.1580727,5507190.59778007,5462626.52124678,5424292.72788639,5328734.75620146,3597529.02020731,2185890.97532,NA,NA,NA,NA,NA
Eritrea,ERI,Methane emissions (kt of CO2 equivalent),EN.ATM.METH.KT.CE,NA,NA,NA,NA,NA,NA,NA,NA,NA,NA,89828.5000000001,90538.5,89246,90723.0000000001,89572,87741.5,87775,89296,89793.4999999999,90803.5000000001,92425.4999999999,92093,93052.5,95116.5,93026,95690.5,99039.4999999999,97116.5,97794.0000000001,101590,217125.468656588,143342.514324294,150844.180022735,132594.195291118,135778.129382236,177769.675767323,155064.115558735,173852.133083118,177750.710675617,184881.415276294,281877.640067706,177490.114088677,170523.332406824,174604.051305176,180076.659555029,273681.007606147,183678.649019617,191961.69524253,245003.209113764,193737.901099617,247742.373483118,197887.216776588,199760.992620294,67397.982387706,67813.3652314121,68329.4360369712,69141.8712843833,69636.4005697637,70047.8238934697,47955.2821790288,29857.93532,NA,NA,NA,NA,NA
Spain,ESP,Methane emissions (kt of CO2 equivalent),EN.ATM.METH.KT.CE,NA,NA,NA,NA,NA,NA,NA,NA,NA,NA,1351948.8,1320792.9,1358476.8,1325541,1308864,1291493.4,1303519.2,1340866.5,1343487.9,1331431.5,1367784.3,1411476,1482636.3,1506642,1495039.5,1516724.7,1567301.4,1517882.4,1626446.1,1665665.1,3390578.4475793,2156442.55299859,2167638.15109649,2140981.01041176,2168552.81572754,2776349.95304,2189781.00359719,2281218.54560281,2306969.75275246,2321930.06528281,3708423.80133649,2399028.87013317,2428782.12739578,2423776.00378965,2424352.24821649,3749328.28540422,2411092.9306993,2435532.50839719,3107447.87681789,2462186.55898965,3131957.36613035,2439948.35194241,2434061.82633236,711892.955060703,707004.80176,736825.360844219,736967.580891758,743991.149964219,748387.331256484,511134.007277188,317625.80688,NA,NA,NA,NA,NA
Estonia,EST,Methane emissions (kt of CO2 equivalent),EN.ATM.METH.KT.CE,NA,NA,NA,NA,NA,NA,NA,NA,NA,NA,110421.5,114191,118298.5,121065,124458.5,126771.5,127611.5,129026,130771,131787.5,132444.5,131394.5,132975.5,135588.5,136920.5,138724,140757.5,143052.5,152897,163172.5,320962.638761265,193125.753651706,175954.753635118,149169.222448677,135382.639567412,165776.391036294,134165.596460339,134375.846380926,129501.603017808,124574.393955706,199663.944448588,126461.521454735,123101.928788882,126952.111784632,130385.886282485,198027.358271367,127364.825061514,128563.659307661,170882.751019118,126428.059763706,175166.616551412,125675.224051369,125787.629904444,22454.1533907349,22175.6610368818,21984.6671981916,20645.4337033674,20733.8499692204,20646.9322812204,14284.5345852204,8776.927832,NA,NA,NA,NA,NA
Ethiopia,ETH,Methane emissions (kt of CO2 equivalent),EN.ATM.METH.KT.CE,NA,NA,NA,NA,NA,NA,NA,NA,NA,NA,1634345,1633785,1612095,1652230,1564685,1545130,1554395,1630260,1588750,1633195,1722780,1656450,1726120,1736745,1696875,1724715,1809955,1756455,1745815,1857940,4088173.82512613,2591140.53155246,2756875.78432,2610784.30481789,2639545.03183106,3506466.43213035,2809468.45423719,2909613.57168281,3092136.94707578,3151469.13658684,4752352.59784894,3094248.8399793,3457738.18691246,3369703.02927719,3390603.5168207,5381363.30956141,3835005.97593176,3962330.94131578,5225723.07448,4220412.34024,5530026.00454492,4349304.65542211,4435095.56889508,1520829.01696562,1575953.42119437,1617624.02097789,1659257.77332141,1691891.16956141,1704624.69083859,1141627.45707859,757164.64576,NA,NA,NA,NA,NA
European Union,EUU,Methane emissions (kt of CO2 equivalent),EN.ATM.METH.KT.CE,NA,NA,NA,NA,NA,NA,NA,NA,NA,NA,32844208.59,32928295.728,33025295.295,33751294.809,34212106.164,34681292.439,35150808.54,35660599.5,36139565.787,36841455.792,36678997.605,35917012.407,36337664.28,37374169.818,36625865.454,37250949.405,37212852.099,36854146.434,36546696.171,36216263.04,63670890.5737658,40989745.1848812,39689905.8922486,38105720.6655393,37486120.7305471,43357015.9539577,37476301.5990162,36914434.3045362,35847268.9190802,35127615.3797429,52666336.2058466,34347156.0304798,33656312.6229483,33279450.5363597,32679471.0077613,47810753.9242543,31888998.2590069,31547110.6734949,41182963.5819491,30977079.5867893,41415415.7144063,30448332.0291261,30620978.1378381,7492052.76590343,7385257.77299867,7395038.71657328,7317376.8739309,7280305.93557461,7176981.46577317,4751176.6897567,2894348.749928,NA,NA,NA,NA,NA
Fragile and conflict affected situations,FCS,Methane emissions (kt of CO2 equivalent),EN.ATM.METH.KT.CE,NA,NA,NA,NA,NA,NA,NA,NA,NA,NA,21598658.54335,16386135.65883,16932497.86086,18969829.52528,15580122.24102,17025172.05144,16942701.12772,19358861.25348,19591994.32892,22010819.43901,21917708.20459,18721913.30921,20616235.5316,22362518.33716,18116077.57861,17445232.78775,18190328.96207,21590443.27387,18226676.7582,18581865.82957,37669223.7346275,30528054.6237263,36475104.3278118,31479421.0837662,32805356.8200903,34430389.2229764,33189140.6922047,34111342.0411,34232754.6347285,34607531.0486608,38698812.2408246,36295842.140581,34767629.4925786,34790934.6425569,36996081.6589538,40802988.5255407,42797577.4253568,52214476.2337394,48052313.0167939,42743987.2558228,48667819.5319263,43761656.4612205,45127093.9589096,18657180.9576726,18587472.0912819,18697930.9772668,18881468.2172408,19066405.3605408,19113233.4498986,13330502.9176395,7736837.200072,NA,NA,NA,NA,NA
Finland,FIN,Methane emissions (kt of CO2 equivalent),EN.ATM.METH.KT.CE,NA,NA,NA,NA,NA,NA,NA,NA,NA,NA,498608.5,494163.5,498367,501530,499917,470027,474579.5,474587,482468.5,492310,502365,506040,495886.5,495839.5,457715,465955.5,467431,469777,473342,483693.5,967975.736698939,610301.242600588,604460.36958612106,610430.782934236,622412.83517094,781507.388318824,609780.521016767,614668.144694057,620028.223918237,612889.470649176,956717.873458351,601653.056209355,580527.364521354,581255.866260882,579171.018800587,875549.613065177,562280.234643527,552605.106662646,723837.774317061,494641.688134824,682931.707785355,494384.778679309,494133.826342796,98298.2590823516,95756.9850645879,94245.8032097637,92123.6378837061,89765.6001654697,87153.5406,60318.5548899424,36050.576248,NA,NA,NA,NA,NA
Fiji,FJI,Methane emissions (kt of CO2 equivalent),EN.ATM.METH.KT.CE,NA,NA,NA,NA,NA,NA,NA,NA,NA,NA,20814.8,20363.25,20529.6,20885.7,21871.3,23010.85,22757.8,23714.5,23340.9,25310.6,25700.1,26170.3,26908,26383.5,28158.6,28857.95,30041.55,30393.55,31005.35,31570.25,43088.8552206102,43428.2960963163,43866.2070101693,46447.726009853,48137.3100858307,51411.5279713898,49725.5159713898,49448.0760095367,48762.4740095367,47814.178885559,49891.3720858307,48690.7730476837,47175.850923706,46740.180961853,47013.3609237061,47220.392163706,47319.7095317061,47512.0588997061,47643.5082677061,47429.1916357061,47091.169041853,47652.505389853,48280.691745853,15800.338963706,10863.6817532205,8546.46236307349,8615.56647507349,9198.45659184186,9520.80866569489,6260.44073631628,3549.191896,NA,NA,NA,NA,NA
France,FRA,Methane emissions (kt of CO2 equivalent),EN.ATM.METH.KT.CE,NA,NA,NA,NA,NA,NA,NA,NA,NA,NA,4144115,4081550,4052010,4040010,4054550,4142520,4264420,4423230,4453540,4501550,4412710,4286230,4138135,4149985,4156385,4090960,4034280,3930040,3784995,3775955,7514621.89953789,4911900.65106632,4846981.10852422,4796493.75208281,4765245.70014773,6008871.91833508,5480904.63897227,5375627.73665789,5332484.78371297,5332092.45935438,8210092.96324141,5328299.11794352,5234942.78247156,5183751.68875297,5149442.57657227,7748552.81367437,5130246.67925368,5125352.51556422,6692231.06985789,5127901.2736,6721260.29698071,5026545.7490414,4955355.4156639,1217691.91693648,1197568.99042684,1185085.21036141,1166515.42873176,1149967.42862824,1135628.45317316,773949.423069648,467611.89976,NA,NA,NA,NA,NA
Faeroe Islands,FRO,Methane emissions (kt of CO2 equivalent),EN.ATM.METH.KT.CE,NA,NA,NA,NA,NA,NA,NA,NA,NA,NA,1508.81,1482.685,1507.9,1509.755,1512.565,1508.88,1546.585,1552.94,1546.575,1530.405,1535.005,1532.965,1533.955,1548.78,1557.605,1560.71,1569.205,1593.705,1614.215,1632.815,1490.8095,1542.1454,1559.4322,1574.8606,1585.4038,1594.6498,1603.3438,1611.6744,1619.4714,1627.4156,1635.438,1642.9544,1650.6226,1658.3874,1666.4052,1675.0624,1685.624,1698.4442,1712.994,1728.381,1745.286,1762.73886,1780.19172,NA,NA,NA,NA,NA,NA,NA,NA,NA,NA,NA,NA,NA
Micronesia,FSM,Methane emissions (kt of CO2 equivalent),EN.ATM.METH.KT.CE,NA,NA,NA,NA,NA,NA,NA,NA,NA,NA,847.5231,915.30719999999906,992.317200000001,932.2086,882.3867,832.131299999999,563.1777,694.2222,697.404600000001,707.9463,719.0796,860.4159,865.857600000001,871.4574,877.613100000001,905.5713,946.7334,983.0454,1014.696,1047.2238,998.916024000001,1030.882672,1064.182312,1096.71296,1171.01,2077.61563642372,2089.05025242372,2098.41486042372,2103.34386842372,2107.90088442372,2111.69989242372,2119.30508442372,2126.84728442372,2135.64567642372,2144.73726842372,2152.49866842372,2159.97950842372,2174.42614842372,2186.08218842372,2219.99262842372,2226.65766842372,2303.32584498023,2317.42201498023,932.395850980233,934.517842980233,941.409834980233,1009.43121898023,1009.58060298023,1016.87298698023,667.700370980232,421.492752,NA,NA,NA,NA,NA
Gabon,GAB,Methane emissions (kt of CO2 equivalent),EN.ATM.METH.KT.CE,NA,NA,NA,NA,NA,NA,NA,NA,NA,NA,43806.95,44659.8,48720.45,106587.5,114186,132298,137439.5,136755.5,137999.5,149007,139468,136652,136778,125690.5,146538,164681.5,127684,121406.5,119240.5,157805.5,434288.187587118,269455.46248253,284918.195606824,279008.401875706,296865.022771118,427728.30074147,335890.738555527,326931.094831055,357607.29236,324425.264411118,478262.622923707,327327.365272588,304782.780926646,333277.440396294,326885.491158646,487689.621202351,269899.653621648,249830.667185176,448675.857833176,264766.707405061,356424.933129354,284217.182174646,282593.965931118,100333.87681347,101809.317151412,103653.073328588,103756.176516882,95271.9796450606,90172.3509857637,91926.1441822363,59612.51376,NA,NA,NA,NA,NA
United Kingdom,GBR,Methane emissions (kt of CO2 equivalent),EN.ATM.METH.KT.CE,NA,NA,NA,NA,NA,NA,NA,NA,NA,NA,6122754,6161157,5914368,6198489,6048600,6215982,6183444,6131781,6184311,6375000,6334098,6323796,6318186,6317319,5474850,5975517,6240819,6157332,6134586,6042684,11602312.6541449,7620119.62256562,7439039.4204207,7254573.39095156,7010328.11772422,8513269.97326211,7011914.81966211,6816409.71974492,6572435.53650351,6309406.9847586,8899309.6256,5623607.8488414,5387671.42654493,5107474.29156141,4858401.18724141,6783215.11446492,4488523.77873508,4353772.65143719,5381163.71721789,4109036.89035297,5199044.16117036,3910603.40174637,3832024.26647343,1041680.47475859,992453.522406132,975329.455081407,994820.382376484,988860.971170351,978984.137837188,662576.947321406,403325.39704,NA,NA,NA,NA,NA
Georgia,GEO,Methane emissions (kt of CO2 equivalent),EN.ATM.METH.KT.CE,NA,NA,NA,NA,NA,NA,NA,NA,NA,NA,174641,181271.5,188245.5,192599,197501.5,201601,202641.5,202485.5,201275,200726.5,199165.5,197970,194592,192537.5,196455.5,197306.5,199079,202150.5,254258,254680.5,700933.909635527,471474.187431055,430200.592291885,392650.790511054,338609.440747297,399267.135874351,342399.874731527,328875.66459706,328790.105132882,327981.939371528,490593.747694824,316660.745274351,317666.212030824,327107.846313355,324333.713121764,477530.182717469,323433.449694824,326710.596693061,417041.263438057,331412.808207412,425096.753808,335426.721822716,340338.887287017,109920.692454646,109757.269195118,104116.375995527,103482.187196294,101974.877617942,99761.9401157061,67481.1834528818,41064.743264,NA,NA,NA,NA,NA
Ghana,GHA,Methane emissions (kt of CO2 equivalent),EN.ATM.METH.KT.CE,NA,NA,NA,NA,NA,NA,NA,NA,NA,NA,261520,259367,263980,277922,249633.5,262653,268843.5,307146,277433.5,289781,333621.5,303171,328238,316704.5,326798,313564.5,321009,336655,324686,352604.5,725372.503915526,432535.314084473,476038.605152588,480521.278839233,498216.475152588,667816.69261853,540585.279465943,562977.290152588,562576.043534058,535668.834694824,936551.220457764,591984.294771118,571425.40338147,576292.98461853,556610.028457764,969077.868762939,677130.272542236,933219.09693306,1633006.84584976,1092532.44178265,1521082.13325794,1161479.38965835,1173323.82400682,221267.938957648,230066.565763885,244400.634240588,249406.402315885,263285.842551055,266987.583570352,144042.153754121,94783.3076,NA,NA,NA,NA,NA
Gibraltar,GIB,Methane emissions (kt of CO2 equivalent),EN.ATM.METH.KT.CE,NA,NA,NA,NA,NA,NA,NA,NA,NA,NA,161.43072,163.89504,164.19696,168.2976,169.5552,173.6856,174.57408,177.83904,180.45312,186.0096,189.15456,190.93776,193.32576,194.64384,196.51248,200.84016,203.94096,206.74896,226.30896,229.74096,249.40727,221.02432,231.07348,233.73504,238.97852,284.39616,242.64724,245.78488,248.996,251.98888,300.1468,256.33784000000003,256.89092,258.58976,258.368,305.08196,262.50356,268.34104,271.82144,277.76056,284.88108,287.7298908,290.5787016,NA,NA,NA,NA,NA,NA,NA,NA,NA,NA,NA,NA,NA
Guinea,GIN,Methane emissions (kt of CO2 equivalent),EN.ATM.METH.KT.CE,NA,NA,NA,NA,NA,NA,NA,NA,NA,NA,357385.5,349567.5,345462,377290,316388,334704.5,343075.5,384594,325253,342438,431769.5,373949,416291,392387,389206.5,346489,325215,336053.5,311413,345186.5,500995.411383412,427166.455248,455521.135128766,443673.711917061,452701.090552766,518785.157188294,525050.242112,504456.224433354,507324.966348882,566218.608670237,553968.054128,615885.157022058,628283.768000587,565237.521902824,580975.54494947,638632.402309648,1108546.55245871,1193528.63026188,1720754.67195318,2785736.82338306,1521501.1252593,1548676.05455105,1577178.63880741,265501.522894824,272400.406813291,276653.436459297,300766.904334824,304391.472435527,306682.039853291,210724.13544,134506.4124,NA,NA,NA,NA,NA
Guadeloupe,GLP,Methane emissions (kt of CO2 equivalent),EN.ATM.METH.KT.CE,NA,NA,NA,NA,NA,NA,NA,NA,NA,NA,NA,NA,NA,NA,NA,NA,NA,NA,NA,NA,NA,NA,NA,NA,NA,NA,NA,NA,NA,NA,NA,NA,NA,NA,NA,NA,NA,NA,NA,NA,NA,NA,NA,NA,NA,NA,NA,NA,NA,NA,NA,NA,NA,NA,NA,NA,NA,NA,NA,NA,NA,NA,NA,NA,NA,NA
"Gambia, The",GMB,Methane emissions (kt of CO2 equivalent),EN.ATM.METH.KT.CE,NA,NA,NA,NA,NA,NA,NA,NA,NA,NA,24739.45,25026.8,24323,24169.85,23633.75,24501,25013.15,26107.35,25538.15,25008.95,27742.1,27781.35,28827.5,26213.6,25303.9,25650.7,26812.75,27953.3,28609.7,28960.85,101939.370908971,103129.509310735,106406.643742645,108001.521313354,100063.264720588,93467.6282584409,83354.7027501469,73117.6674787349,63740.1089704409,54942.2255845879,49558.156038147,50157.3571584632,50191.2953726103,45518.378550147,50244.9226975367,51743.5407510958,53052.5239950735,66017.6681070735,61500.4012461469,70107.6942437061,74406.8165353674,69202.0421212651,71735.1140886326,25210.9051784409,26040.883897853,27827.0727507796,26352.439139706,26766.8124634121,25053.3340049265,17032.9672332651,10770.307824,NA,NA,NA,NA,NA
Guinea-Bissau,GNB,Methane emissions (kt of CO2 equivalent),EN.ATM.METH.KT.CE,NA,NA,NA,NA,NA,NA,NA,NA,NA,NA,27105.1,26979.2,27467.1,29159.9,30004.95,36047.4,39621.1,39444.55,33826.65,34932.3,37663.5,41239.85,52967.5,47723.5,44015.2,35871.3,35531.15,35873.5,35676.75,38825.05,55470.395334147,52002.704224,55202.550075706,54817.4359575591,55739.9540476837,60018.6718993898,57344.3477495591,56911.910753853,59260.1576517061,64285.0025972428,62925.2834950958,69539.194706441,67306.815614147,64805.454606147,67760.2245043163,67954.8835344633,75610.8438757061,78908.7172535591,76228.434776,77464.2933938084,86449.9036110734,86762.7027033675,89271.6418067349,23899.9072227349,22870.7507827796,24276.2848005879,24404.6725864409,24610.714372294,25304.8020055591,16451.3837914121,10088.929768,NA,NA,NA,NA,NA
Equatorial Guinea,GNQ,Methane emissions (kt of CO2 equivalent),EN.ATM.METH.KT.CE,NA,NA,NA,NA,NA,NA,NA,NA,NA,NA,3790.155,3840.69,3859.8,3897.755,3951.38,4033.63,4119.595,4215.725,4297.38,4394.46,4492.305,4578.575,4685.075,4808.525,4903.865,5017.45,5149.5,5239,5470.45,5661.25,7885.06114196047,16589.1964326893,36223.5195624856,45219.594907706,53793.7973212204,58223.7256584409,73081.4534165879,112536.152899706,144362.810238236,163601.321416,185439.585822646,236470.635721942,228932.492604882,256656.956182646,303409.452150058,322523.455049355,323036.695898531,326762.447739706,321313.130597061,311596.16266694,315460.393676882,304815.154204294,301637.646334057,158825.80744294,186439.845217764,174833.837145176,163704.449817942,152911.779719412,148070.996689176,68572.7052091758,38226.523416000004,NA,NA,NA,NA,NA
Greece,GRC,Methane emissions (kt of CO2 equivalent),EN.ATM.METH.KT.CE,NA,NA,NA,NA,NA,NA,NA,NA,NA,NA,293592,293583.5,301894,319606.5,340984.5,346624,348703,346901,340424.5,341578,340141,345033.5,341568.5,345879,344972.5,350622.5,354643.5,364158,371113.5,377367.5,832905.118894825,554840.307192588,549714.57668294,553478.378714121,563702.044146709,700822.053300703,574718.076093291,581650.232290352,594476.882059297,580602.993324473,888881.111054825,583109.339918467,580713.062306709,583280.117114121,589291.136334825,867800.853819297,591078.874013291,592795.844333291,742099.007251884,589966.509797061,752747.508262236,586291.565134865,579622.20042185,192865.390712588,190510.143730352,187396.735188703,181174.920333879,182310.906293648,179795.567542236,121432.677706352,75246.602192,NA,NA,NA,NA,NA
Grenada,GRD,Methane emissions (kt of CO2 equivalent),EN.ATM.METH.KT.CE,NA,NA,NA,NA,NA,NA,NA,NA,NA,NA,1271.775,1264.05,1206.245,1235.01,1206.635,1186.585,1247.275,1300.42,1348.625,1334.18,1338.95,1340.315,1334.205,1316.825,1287.135,1237.41,1214.415,1202.04,1197.635,1212.35,33806.2471344409,34055.200996294,34380.783728,34603.455297853,34829.676067706,35052.4412295591,35454.7792012651,35707.5410031182,35913.1512818084,36300.5810535144,36575.1736553674,36800.0183052204,37049.2269550735,37270.9539969265,37543.9354467796,37808.8548584856,38018.6942043386,38177.4139963386,38381.8195421916,38590.1251728818,38735.2959187349,38937.1745585879,39139.2561984409,37636.247060294,37821.382974147,38006.247888,38189.298057853,38372.683235706,38555.6554055591,26498.7055754121,16374.864944,NA,NA,NA,NA,NA
Greenland,GRL,Methane emissions (kt of CO2 equivalent),EN.ATM.METH.KT.CE,NA,NA,NA,NA,NA,NA,NA,NA,NA,NA,890.865000000001,923.149999999999,960.1,864.56,893.009999999999,905.635,923.295000000001,899.939999999999,944.009999999999,968.28,1000.995,1042.56,1062.485,1069.365,1073.91,1088.885,1105.145,1123.12,1141.515,1162.51,1065.1815,1107.542,1129.2172,1145.8462,1161.1918,1175.3368,1188.4652,1200.7012,1211.4514,1221.3,1220.7756,1228.936,1226.705,1237.515,1243.3248,1251.4622,1259.6272,1268.3074,1276.7116,1285.125,1293.543,1306.47843,1319.4138600000001,NA,NA,NA,NA,NA,NA,NA,NA,NA,NA,NA,NA,NA
Guatemala,GTM,Methane emissions (kt of CO2 equivalent),EN.ATM.METH.KT.CE,NA,NA,NA,NA,NA,NA,NA,NA,NA,NA,160840,173302,183083,182360,178631.5,183964,168832,181038.5,186223.5,200461,209236,211462.5,222364.5,225014.5,224227.5,226855.5,229525.5,234310,240977,236888,508255.510076294,335955.060778352,344752.444870236,364504.76211453,355518.365732294,464989.935663234,365761.19972294,365879.81748547,1073121.32656135,403876.938163118,1642273.07115453,415643.076722939,472479.563299527,714136.93718147,428672.488986939,840466.53502947,432540.601228882,447492.822817764,574940.083254236,464721.030072,611951.003355885,487624.021691297,494120.068408,180879.710685648,186289.690905533,190591.385177176,195831.003492473,199798.828028473,202499.770829648,134995.609373291,84784.79456,NA,NA,NA,NA,NA
French Guiana,GUF,Methane emissions (kt of CO2 equivalent),EN.ATM.METH.KT.CE,NA,NA,NA,NA,NA,NA,NA,NA,NA,NA,NA,NA,NA,NA,NA,NA,NA,NA,NA,NA,NA,NA,NA,NA,NA,NA,NA,NA,NA,NA,NA,NA,NA,NA,NA,NA,NA,NA,NA,NA,NA,NA,NA,NA,NA,NA,NA,NA,NA,NA,NA,NA,NA,NA,NA,NA,NA,NA,NA,NA,NA,NA,NA,NA,NA,NA
Guam,GUM,Methane emissions (kt of CO2 equivalent),EN.ATM.METH.KT.CE,NA,NA,NA,NA,NA,NA,NA,NA,NA,NA,1503.56,1444.67,1516.125,1589.575,1621.645,1707.205,1701.92,1792.24,1870.86,1947.175,2005.115,2070.595,2099.53,2157.655,2194.585,2225.295,2263.965,2310.19,2367.74,2292.865,2091.987,2194.039,2251.9392,2310.4236,2367.9006,2423.6388,2477.1046,2530.805,2578.9716,2630.694,2682.628,2734.8932,2787.623,2836.9396,2886.7668,2936.0558,2985.906,3039.6662,3098.0264,3158.9074,3223.979,3256.21879,3288.45858,NA,NA,NA,NA,NA,NA,NA,NA,NA,NA,NA,NA,NA
Guyana,GUY,Methane emissions (kt of CO2 equivalent),EN.ATM.METH.KT.CE,NA,NA,NA,NA,NA,NA,NA,NA,NA,NA,103324.5,85470.5000000001,81800,81344,94513.5000000001,106742,94471.4999999999,98883.9999999999,95169.0000000001,80831.5,85539,77344.5,82689.5,73799.5,70061,63651.5,68393,73190.5,64667.5,63089.5,73924.0610372428,82836.5400461469,92673.2427292651,103252.532622192,88580.4666024856,106045.42970522,102916.18676922,102953.478680633,218325.922657265,83110.5948166325,75036.758670735,83713.088256,78169.4190209266,84664.9986332651,83850.2817907349,81837.5398049264,74307.4872695144,78863.3975052204,86317.0949125879,686482.197072001,120497.404193265,122614.69447322,124185.438344632,29171.1115194121,31831.1958941916,32961.969574147,27182.5884461916,30067.2719556614,29127.9457594121,21856.9538111182,14772.771168,NA,NA,NA,NA,NA
High income,HIC,Methane emissions (kt of CO2 equivalent),EN.ATM.METH.KT.CE,NA,NA,NA,NA,NA,NA,NA,NA,NA,NA,87298427.834354,86690966.775624,88301968.758647,89876752.782602,90467625.632288,90801368.378021,92809096.654556,92678737.393446,91900583.657455,94256865.349,94949493.074427,92377531.802772,91872152.785612,90997008.428681,90881228.359766,91861955.11109,91822474.48699,91304383.2281099,92217267.4170601,93224429.1095001,194239938.597817,115605620.578224,114675937.07537,113055085.293797,113947753.768821,144305948.290641,112603238.755646,111966915.694879,110916261.930402,109189260.433137,180839747.694826,108845490.384727,108032077.529575,107504899.971969,107447620.931018,172162692.86633,106679257.21524,107218393.750188,146256651.80053,105337007.096413,147095143.959971,105993475.579404,106975256.899924,31554565.8008675,32023212.6982136,32037359.3034759,31536703.8284011,32191642.9015014,32795206.9971405,23730960.2028855,14318517.465792,NA,NA,NA,NA,NA
"Hong Kong SAR, China",HKG,Methane emissions (kt of CO2 equivalent),EN.ATM.METH.KT.CE,NA,NA,NA,NA,NA,NA,NA,NA,NA,NA,35214.25,36208.3,37248.75,38489.05,39899,41062.9,42611.4,44409.8,46904.25,48393.35,50334.5000000001,52354,54459.5000000001,55582,58204.4999999999,60303,63282.5,65110,68923,73291.5,121281.95,73306.98,75433.56,79120.46,86717.36,125997.6,106313.82,115802.7,120183.74,121417.92,207630.42,124448.4,125600.7,126892.38,128419.58,217727.32,132085.78,134383.02,193492.46,139530.88,200568.14,143361.1574,144780.5748,NA,NA,NA,NA,NA,NA,NA,NA,NA,NA,NA,NA,NA
Honduras,HND,Methane emissions (kt of CO2 equivalent),EN.ATM.METH.KT.CE,NA,NA,NA,NA,NA,NA,NA,NA,NA,NA,127592.5,132764.5,134957,136698,148832.5,152220,150081,157022,158082.5,171565,168785.5,164748.5,183352,194293,206682,205656.5,206421.5,208860,206325,197404.5,476324.666747706,332041.483142645,323646.93371453,312727.414651706,330780.95874947,404604.182084473,322134.804313354,305193.500610352,298898.249465942,250309.394542236,398146.442160767,266086.513070236,300567.299895233,341865.181668473,346742.420272767,555771.470724473,363450.548693649,371455.545891706,481829.060021649,394867.027609355,508853.639883706,404618.041849764,408074.714129355,141657.647019118,143535.286908882,144220.435264767,145915.514814646,143963.649457176,147404.832481176,98859.7495051758,61928.993224,NA,NA,NA,NA,NA
Heavily indebted poor countries (HIPC),HPC,Methane emissions (kt of CO2 equivalent),EN.ATM.METH.KT.CE,NA,NA,NA,NA,NA,NA,NA,NA,NA,NA,22590028.7094,16617315.567,17221882.6026,18147657.2007,15889246.0491,17936743.1307,17485015.0677,19456884.438,19278253.5312,22801444.5582,22339738.3248,19808760.3252,22125847.8438,21625466.1021,18934695.4431,18641499.7326,18635585.334,21872069.4264,18294579.4797,20176870.0326,39286532.427214,25532020.9793732,31828209.8394319,25964449.371944,27354895.582662,32389746.9756229,27727602.4572098,28020753.90061,28955235.294551,29022965.4903082,40003889.2016644,29993902.51916,30297593.0209292,30141286.7051289,32447311.2298334,42497141.7557077,37790707.4161237,48382486.9221739,47529335.8375097,40694068.4675844,48412824.8607925,40674211.81475,41973446.1682949,11104266.9400501,11392940.105833,11762205.2544688,12045263.4729333,12159301.3933847,12406274.9532853,7976605.43931265,5089083.094824,NA,NA,NA,NA,NA
Croatia,HRV,Methane emissions (kt of CO2 equivalent),EN.ATM.METH.KT.CE,NA,NA,NA,NA,NA,NA,NA,NA,NA,NA,149278.5,150774,153705,158792,167370.5,174384.5,176284.5,178910.5,179580,178484.5,176188,177882.5,178370.5,177480,179156,184740.5,183584.5,187836,199815,205051,471259.77774694,266585.876548294,256821.930216588,258867.270281176,246245.889157559,310198.069828882,240980.624209764,241192.131468383,238084.664550824,238997.893566236,385206.585905265,251700.712857763,256948.16981347,268849.222249853,276115.34974147,426602.274873764,289295.648392,296033.280999412,387255.381465853,299306.856956971,399433.450073265,293933.635847289,287678.590690342,69206.8976134697,69132.5244116167,70926.406854147,71226.529912,71576.722075706,70632.6096971758,47826.5419070288,29349.40788,NA,NA,NA,NA,NA
Haiti,HTI,Methane emissions (kt of CO2 equivalent),EN.ATM.METH.KT.CE,NA,NA,NA,NA,NA,NA,NA,NA,NA,NA,147795.5,151464.5,156121.5,155989,155866,156394,158365,161330,168508.5,172302.5,179376,171332,176121,178415.5,180536.5,179486.5,167121.5,165188.5,165635,164512,328913.087758825,223750.833328,240668.296049764,240937.210779706,242300.729051706,306957.300348971,251029.830753764,255522.945815234,258776.419350824,262909.621809942,420926.209489943,276644.586601355,274919.521628294,274947.634655234,276446.743842939,427912.80195453,284301.482238236,290793.028276882,379343.202560767,296246.118591233,381640.667798824,299275.811457942,302062.295193354,91690.2973205879,92007.249932294,93224.6183069394,95151.9046973545,95719.2713847666,95550.9871484726,67889.5417432334,41628.937744,NA,NA,NA,NA,NA
Hungary,HUN,Methane emissions (kt of CO2 equivalent),EN.ATM.METH.KT.CE,NA,NA,NA,NA,NA,NA,NA,NA,NA,NA,519725,530610,507225,526110,558015,540090,542320,558195,587930,595030,606555,608060,576540,578840,583370,580305,552315,552910,544240,541840,1100158.37641329,675938.667019297,605804.380340703,564989.460098709,533279.377809176,703310.27352294,570311.925172115,564387.418581879,553017.988104588,550103.868843885,893995.992015055,545320.280197648,554029.400440946,555182.894222236,542119.970629061,830620.746937763,514895.107912,501983.004157291,633796.633791412,490860.232903054,624769.798124295,481528.047675758,473664.810079286,142012.353164294,138807.245083118,137396.996244473,137171.759620294,135910.306213648,134525.897875118,90938.205384,55649.959664,NA,NA,NA,NA,NA
IBRD only,IBD,Methane emissions (kt of CO2 equivalent),EN.ATM.METH.KT.CE,NA,NA,NA,NA,NA,NA,NA,NA,NA,NA,143032999.353604,142688705.741564,150789761.172042,150028750.626992,151152663.129748,155321925.335926,161101121.517456,165228096.312556,165512265.64421,168579513.38256,169769265.494482,167784283.073392,186630717.731972,178840578.132486,176356479.218956,178620226.04326,185355106.28406,194719502.9484,189343041.6205,193610732.05874,257151834.413924,257877649.720668,255899131.859221,248665036.115614,251808498.547827,248963868.716003,250814578.848184,278276455.898338,255209649.915807,249182655.323086,254141585.962111,253579132.623417,264081087.055285,267662072.060655,278984637.050734,289418929.200215,299310268.093101,292107382.967764,300193497.701641,305688644.246753,314550296.473376,315159803.136041,325132572.058915,96384563.0796757,97051532.7400585,97499147.392504,97913836.5212291,98751580.093301,99466979.8514782,68391969.5566132,41545852.906904,NA,NA,NA,NA,NA
IDA & IBRD total,IBT,Methane emissions (kt of CO2 equivalent),EN.ATM.METH.KT.CE,NA,NA,NA,NA,NA,NA,NA,NA,NA,NA,182313634.907704,175287353.180584,184620077.759482,186303191.345612,183960938.565428,190048123.122186,195461501.702336,202881274.325576,203675093.50379,210270953.8068,211362516.660342,206230751.642532,227713758.534772,221839220.856426,214454356.679596,216167678.24696,223956061.17674,237534566.42668,228219313.3967,233767265.00742,315001993.735129,311791429.403418,317749357.130346,304429581.104396,308979755.372809,308412544.333546,308926741.954785,337181892.056777,315498666.246742,310014322.010395,316026586.516866,316409069.480751,326319766.163191,331112547.536552,344880311.542943,356518383.190204,372780296.920511,377586017.685619,377570270.399537,383469936.111686,394346266.547837,394454308.887402,406459758.476926,119884042.813665,120910787.167914,121751799.630872,122627030.284645,123782407.214957,125005137.660197,85390214.7944161,52294546.996696,NA,NA,NA,NA,NA
IDA total,IDA,Methane emissions (kt of CO2 equivalent),EN.ATM.METH.KT.CE,NA,NA,NA,NA,NA,NA,NA,NA,NA,NA,39280635.55445,32598647.43939,33830316.58638,36274440.71884,32808275.43526,34726197.78552,34360380.18366,37653178.01364,38162827.86056,41691440.42443,41593251.16627,38446468.56943,41083040.8036,42998642.72388,38097877.46123,37547452.20365,38600954.89251,42815063.47701,38876271.7774,40156532.94981,57850159.3212049,53913779.6833503,61850225.2711246,55764544.9883824,57171256.8249819,59448675.6175429,58112163.1066005,58905436.1584388,60289016.330935,60831666.6873086,61885000.554754,62829936.8573342,62238679.1059061,63450475.4758972,65895674.4922087,67099453.9899889,73470028.8274093,85478634.7178552,77376772.6978955,77781291.8649335,79795970.0744607,79294505.7533611,81327186.4180102,23499479.7339891,23859254.4278559,24252652.2383678,24713193.7634158,25030827.1216564,25538157.8087193,16998245.2378029,10748694.089792,NA,NA,NA,NA,NA
IDA blend,IDB,Methane emissions (kt of CO2 equivalent),EN.ATM.METH.KT.CE,NA,NA,NA,NA,NA,NA,NA,NA,NA,NA,7928080.859,8031584.3074,8483112.6934,8942135.1655,9290425.567,9089141.0028,9494322.132,9675253.94449999,9777062.656,10736881.6714,10593725.0258,10126598.8818,10600405.7888,10709681.6878,10745722.3469,10833820.373,11418608.9672,11725121.9088,11757084.4519,12334624.5097,17561945.4860677,17572568.381034,18121104.4054731,18244398.9505172,18366899.389576,18676609.4736268,19184543.8189672,19681175.8097017,19157378.9072617,19390281.9047947,20270359.6372342,20254738.0244029,19978901.7297574,20796493.9654734,21702662.6847278,21961372.3967937,22771957.3623554,24102084.2080445,24015897.5837151,23668459.7671695,24396888.5630065,24288942.2125826,25033285.6306758,7923839.85615352,8024189.11970252,8151915.46460941,8335765.438451,8431549.65782142,8659159.22629434,5983930.38362841,3761009.025928,NA,NA,NA,NA,NA
Indonesia,IDN,Methane emissions (kt of CO2 equivalent),EN.ATM.METH.KT.CE,NA,NA,NA,NA,NA,NA,NA,NA,NA,NA,6459915,6083943,9962238,6983328,6251070,6174315,7535862,10652574,7787547,9388692,9312345,8612115,24275337,11790384,8316009,8508942,11612241,16863915,8197842,8757924,21320595.2859859,23461490.9406625,22429681.6718625,16286229.0732969,22256826.3352,18823468.2005797,15051577.0696,48040716.7817656,18853163.4485797,14555961.6971313,20973653.5941797,15451606.5155313,21762404.4071172,15828453.0568281,17330622.3471453,28455833.0192,29410652.3712547,15428773.1253797,19410291.4413797,19383190.1222625,19652509.4384,15601389.4455719,15635831.9104,5398661.63873125,5525848.30264844,5531361.97340625,5584030.07991719,5703100.27224844,5806352.94016562,4121656.47202812,2671959.276,NA,NA,NA,NA,NA
IDA only,IDX,Methane emissions (kt of CO2 equivalent),EN.ATM.METH.KT.CE,NA,NA,NA,NA,NA,NA,NA,NA,NA,NA,31352554.69545,24567063.13199,25347203.89298,27332305.55334,23517849.86826,25637056.78272,24866058.05166,27977924.06914,28385765.20456,30954558.75303,30999526.14047,28319869.68763,30482635.0148,32288961.03608,27352155.11433,26713631.83065,27182345.92531,31089941.56821,27119187.3255,27821908.44011,40288213.8355371,36341211.302316204,43729120.8656515,37520146.0378652,38804357.435406,40772066.1439161,38927619.2876333,39224260.3487371,41131637.4230733,41441384.7829139,41614640.9181198,42575198.8319312,42259777.3771487,42653981.5110238,44193011.807681,45138081.5925951,50698071.465654,61376550.5108107,53360875.1139804,54112832.098164,55399081.5104541,55005563.5397785,56293900.7865345,15575639.8778356,15835065.3081533,16100736.7737583,16377428.3249648,16599277.4638349,16878998.5824249,11014314.8541745,6987685.063864,NA,NA,NA,NA,NA
Isle of Man,IMN,Methane emissions (kt of CO2 equivalent),EN.ATM.METH.KT.CE,NA,NA,NA,NA,NA,NA,NA,NA,NA,NA,NA,NA,NA,NA,NA,NA,NA,NA,NA,NA,NA,NA,NA,NA,NA,NA,NA,NA,NA,NA,NA,NA,NA,NA,NA,NA,NA,NA,NA,NA,NA,NA,NA,NA,NA,NA,NA,NA,NA,NA,NA,NA,NA,NA,NA,NA,NA,NA,NA,NA,NA,NA,NA,NA,NA,NA
Isle of Man,IMN,Methane emissions (kt of CO2 equivalent),EN.ATM.METH.KT.CE,NA,NA,NA,NA,NA,NA,NA,NA,NA,NA,NA,NA,NA,NA,NA,NA,NA,NA,NA,NA,NA,NA,NA,NA,NA,NA,NA,NA,NA,NA,NA,NA,NA,NA,NA,NA,NA,NA,NA,NA,NA,NA,NA,NA,NA,NA,NA,NA,NA,NA,NA,NA,NA,NA,NA,NA,NA,NA,NA,NA,NA,NA,NA,NA,NA,NA
India,IND,Methane emissions (kt of CO2 equivalent),EN.ATM.METH.KT.CE,NA,NA,NA,NA,NA,NA,NA,NA,NA,NA,20308812,20473134,20483538,20812386,20983491,21463503,21494001,21891750,22094220,22214172,22670928,23132172,23207244,23923947,24330213,24502338,25181658,25411974,26509188,27179583,53821311.7506484,33983940.6750906,34194617.0891031,34493766.3204406,34887562.3683594,46334603.6376562,35787275.8707031,36096236.5521094,36367808.3828125,37332744.541875,59407175.4878906,37367558.1325781,37132212.4376563,37718092.1502344,37969479.4828125,60609880.3985937,38954171.141875,39577342.9511719,51627222.2092969,40726912.2921094,52685349.9004688,41330138.3458219,41640753.0399437,12437933.557325,12489180.3025656,12536730.4748969,12636754.5486625,12700845.3531313,12834609.7668969,8854709.07925625,5581237.3656,NA,NA,NA,NA,NA
Ireland,IRL,Methane emissions (kt of CO2 equivalent),EN.ATM.METH.KT.CE,NA,NA,NA,NA,NA,NA,NA,NA,NA,NA,518649.6,529385.1,531685.2,556986.3,587820.9,587984.1,578431.8,591003.3,600382.2,613366.8,618589.2,608118.9,619058.4,636913.5,647133.9,657512.4,659302.5,656018.1,655023.6,672231,1435526.51418811,947868.369688945,949500.171891884,960794.596429648,964987.049601533,1219715.55504,979154.182008946,987067.429404472,1007929.9748207,995615.022968945,1477048.14405342,1014955.52938377,1012487.08005342,1065109.54334211,1020703.37360588,1445809.79607693,993835.970610351,965418.122420704,1225505.42267706,937363.542109649,1176986.29790518,930905.884937875,941547.985156577,289905.270791055,296507.894182236,301867.976474121,313950.292826582,319009.206228242,299534.389780703,199100.337912588,122022.59704,NA,NA,NA,NA,NA
Iran,IRN,Methane emissions (kt of CO2 equivalent),EN.ATM.METH.KT.CE,NA,NA,NA,NA,NA,NA,NA,NA,NA,NA,2652657.9,2815485.6,3096357.9,3515210.7,3559045.2,3245073.9,3571514.7,3465342.9,3312276.6,2467915.5,1859699.7,1783816.8,2317460.4,2289068.7,1955452.2,1962959.4,1956360,2039688.9,2002632.3,2143387.2,6765091.12307579,4599033.43823438,4747747.26071719,4899550.29460703,5128273.13464843,6869314.68535156,5458627.35314453,5605949.71802734,5638665.10244141,5765234.50244141,9594909.01755859,6168846.24353126,6311611.15288282,6951950.61688281,7283778.04496562,11215486.106993,7840296.75169687,8085210.82024844,10219451.9324141,8373984.81411016,10762358.642193,8717272.69335297,8729953.99006454,3091208.70059297,3121865.85536562,3187845.84375156,3569192.19649688,3720419.7968,3739272.21874453,2510086.74590312,1397135.764,NA,NA,NA,NA,NA
Iraq,IRQ,Methane emissions (kt of CO2 equivalent),EN.ATM.METH.KT.CE,NA,NA,NA,NA,NA,NA,NA,NA,NA,NA,1003776.9,1115487.3,1046219.1,1165095,1185030.9,1263968.7,1440321.6,1309965.6,1357303.8,1635972.9,1380952.5,793055.1,805274.699999999,788709.9,860915.699999999,987252.9,1122464.1,1133500.5,1192497.3,1255762.8,2370743.33031719,726046.479693291,806502.833801406,895882.500817891,953284.324468242,1149253.19216588,924283.992734824,1238185.15246824,1551290.1266993,1739767.27697227,2513546.3540207,1780538.33631438,1632547.96928,1411663.55584613,1675953.57912613,2248685.67598824,1685857.01616613,1710042.68213316,2272921.82941367,1908776.06790211,2425250.05677929,2065338.44096,2190322.89604703,1104421.76347578,1163581.11534211,1294948.29531578,1430523.34827859,1450437.86651297,1472430.63168281,1423973.06464562,687335.76288,NA,NA,NA,NA,NA
Severely Indebted,ISD,Methane emissions (kt of CO2 equivalent),EN.ATM.METH.KT.CE,NA,NA,NA,NA,NA,NA,NA,NA,NA,NA,NA,NA,NA,NA,NA,NA,NA,NA,NA,NA,NA,NA,NA,NA,NA,NA,NA,NA,NA,NA,NA,NA,NA,NA,NA,NA,NA,NA,NA,NA,NA,NA,NA,NA,NA,NA,NA,NA,NA,NA,NA,NA,NA,NA,NA,NA,NA,NA,NA,NA,NA,NA,NA,NA,NA,NA
Iceland,ISL,Methane emissions (kt of CO2 equivalent),EN.ATM.METH.KT.CE,NA,NA,NA,NA,NA,NA,NA,NA,NA,NA,15424.5,15210.4,16125.65,16971.5,17318.45,17484.75,17362.2,17615.9,18001.2,17941.25,16855.9,17222.65,16671.75,16807.3,17270.35,17527.7,17287.2,16842.25,16788.75,16764.4,38004.634057853,25361.901329853,25339.0944757061,25398.4047895591,25809.5311658307,32020.5508156837,26171.7368415367,26315.0697953898,26575.8928753898,26770.0796772428,39174.8528772428,26793.7485572428,26189.2909892428,26297.1742913898,26241.7296852428,38847.7969793898,27867.6814492205,28599.3952172205,35357.1022012205,29037.6389673674,36329.0107433674,27938.061210022,26765.0284110952,10299.1677098307,10568.5732175367,10650.4002175367,10438.6031116837,10277.4797418307,10161.0173258307,6867.22671755908,4121.316424,NA,NA,NA,NA,NA
Israel,ISR,Methane emissions (kt of CO2 equivalent),EN.ATM.METH.KT.CE,NA,NA,NA,NA,NA,NA,NA,NA,NA,NA,66354.06,67229.73,69533.9100000001,71799.33,70689.57,78936.27,67248.0899999999,69020.85,70672.74,72014.04,73968.36,74373.81,76620.36,79249.92,81270.5399999999,82924.47,85921.23,89065.3800000001,93051.03,95082.8699999999,325165.614682351,253135.764461879,262633.989165291,272346.151953176,287968.974580115,347666.229283527,305560.008779297,308456.891373291,313140.381068115,317233.31076294,428585.170457764,298559.235336,275399.453198058,254493.435,282593.619847412,405779.490534058,317823.682237061,325682.06376294,404866.403534058,319829.507389648,368894.425457764,313224.607491297,318869.786094467,171297.312443527,178287.383124473,185511.743628473,189354.359132115,192927.017796703,196284.403613879,125717.228684473,78411.78512,NA,NA,NA,NA,NA
Italy,ITA,Methane emissions (kt of CO2 equivalent),EN.ATM.METH.KT.CE,NA,NA,NA,NA,NA,NA,NA,NA,NA,NA,2064898.2,2001362.4,2024200.2,2078474.4,2085685.8,2075220.6,2145014.1,2186655.6,2201149.8,2230337.1,2239328.4,2238068.7,2238614.4,2190205.2,2301696.3,2319556.5,2324462.7,2338421.4,2363569.5,2385193.5,4868390.66695387,3070970.72607719,3076229.44868754,3046672.9471614,3081789.96612422,3898195.77004422,3145515.35450684,3140096.1853807,3116013.24883578,3099861.21682352,4849361.98700754,3005061.87036754,2970217.3891407,2919475.09361789,2831191.9912,4213742.57000614,2719350.09809789,2698910.58583106,3363174.96757648,2637891.55167387,3369379.94567386,2555428.66136672,2519476.72991607,859150.284112461,840666.441739297,849786.764856484,845824.216642813,845187.996296484,841096.350364218,575834.967576484,351109.22432,NA,NA,NA,NA,NA
Jamaica,JAM,Methane emissions (kt of CO2 equivalent),EN.ATM.METH.KT.CE,NA,NA,NA,NA,NA,NA,NA,NA,NA,NA,41883.903,42119.37,42343.872,42648.546,43152.681,43633.203,44158.554,43883.817,43810.173,43562.772,44513.922,43749.585,44775.654,48059.901,54341.01,52942.08,55913.85,56146.4100000001,55887.8399999999,56064.8099999999,122581.747381559,80789.4430436613,85203.1671526327,85857.6445286325,84805.3999809266,110834.017280633,84686.6805932204,83315.7588295144,83252.3389895144,84063.3671113675,133388.453233221,79657.6910252204,79552.9888092204,82206.5174104857,81614.0154313675,126246.238329808,76868.3308252204,76503.6133873898,101979.51803539,75429.9407135367,99369.3053615368,75645.9945553898,76340.2097412428,15786.9087732428,15775.0465972428,15640.9564673898,15417.5308636837,15306.7152298307,15289.7575578307,10644.8468778307,6607.42312,NA,NA,NA,NA,NA
Jordan,JOR,Methane emissions (kt of CO2 equivalent),EN.ATM.METH.KT.CE,NA,NA,NA,NA,NA,NA,NA,NA,NA,NA,18452.616,19571.148,20542.341,22378.137,22197.342,22351.872,21068.457,22562.859,23648.547,25654.632,25511.985,28008.69,28884.054,29254.263,30150.384,32267.394,31518.663,34516.647,36800.784,40174.434,242860.687909061,209802.957476703,226226.360077061,237551.386873764,243826.641168945,263898.75190106,208461.889878236,188002.687847412,170058.002892882,150381.492641176,199511.024694825,132920.14771747,139793.219664,146488.61761853,154744.286022646,227459.421824766,171722.623457764,181926.709073764,234045.130681764,190027.559916294,228273.945540472,191286.102388294,194891.374694058,101240.717987118,104379.879700882,109328.724490939,116173.687924473,118714.831417942,121712.810835118,85896.8243285879,53424.766296,NA,NA,NA,NA,NA
Japan,JPN,Methane emissions (kt of CO2 equivalent),EN.ATM.METH.KT.CE,NA,NA,NA,NA,NA,NA,NA,NA,NA,NA,5192004,4756984.2,4554769.2,4478906.7,4430931,4343195.7,4370684.7,4366727.1,4098859.8,4049068.5,3949812.3,3857349.3,3814009.5,3805303.8,3817860,3801749.1,3749764.8,3567348,3492515.7,3455260.2,6181411.98960282,3711660.69104895,3699462.45459578,3632027.58641789,3587109.00270211,4526643.6033007,3283706.6592,3149584.80475859,2971891.24299578,2903358.15218352,4653555.19353789,2721154.77008614,2624586.66677648,2580978.73618352,2557827.93424281,4133392.51053035,2499357.75009789,2480415.3873186,3217478.41785789,2399589.36606824,3157115.85279106,2358011.85299035,2321321.38412,523652.593573418,513082.804349648,498816.375605879,491983.884868242,488578.923158593,478906.863585176,346144.367603066,206266.49864,NA,NA,NA,NA,NA
Kazakhstan,KAZ,Methane emissions (kt of CO2 equivalent),EN.ATM.METH.KT.CE,NA,NA,NA,NA,NA,NA,NA,NA,NA,NA,3480153.3,3483340.8,3801004.5,3589527.9,3546514.5,3596800.5,3722428.8,3643190.1,3596581.2,3428128.2,3310501.8,3224459.7,3207017.7,3082348.2,3292978.2,3141645.9,3229891.2,3225602.1,3383120.7,3484376.1,6501336.09146683,3829930.2615764802,3746219.712,3624136.45949317,3200089.02433789,3490779.61511719,2983943.2312207,2463704.0607793,2255489.60383106,2076859.92135693,3677485.55244141,2490283.46769482,2919927.25511719,2980883.35688281,3216169.50844141,5030488.61749316,3552441.84155859,3633876.49949317,5075845.84888281,3888888.57732422,5402936.95661035,4206182.16380334,4287002.72048948,1003362.92149316,1013867.2812207,989872.251896484,970759.745051758,1072907.50050352,1059954.70016613,796590.756838594,557995.61168,NA,NA,NA,NA,NA
Kenya,KEN,Methane emissions (kt of CO2 equivalent),EN.ATM.METH.KT.CE,NA,NA,NA,NA,NA,NA,NA,NA,NA,NA,612448.8,624571.5,639973.5,650775.3,661862.7,673587.6,672450.3,687627.9,734808,791984.1,746742,745145.699999999,803647.800000001,875639.4,903786.300000001,900440.699999999,917275.800000001,923263.199999999,976027.800000001,1014043.2,2046431.91133623,1279975.14275553,1293949.08761176,1310810.12575412,1342782.71,1719818.28905789,1300321.77895105,1315506.74526211,1360709.45355859,1435444.94948447,2163728.30426965,1401020.6421007,1443733.27901623,1504882.07257482,1583614.37582824,2423510.3536593,1604989.8367407,1816880.30951693,2390040.58649482,1847492.5986607,2376420.49143693,1883845.53160307,1895844.33817789,600149.181804473,611358.250571758,623110.15453623,671349.793137891,632930.063641407,657991.649262109,479064.020530351,300819.88432,NA,NA,NA,NA,NA
Kyrgyz Republic,KGZ,Methane emissions (kt of CO2 equivalent),EN.ATM.METH.KT.CE,NA,NA,NA,NA,NA,NA,NA,NA,NA,NA,232617.63,240608.82,257111.91,251006.7,254607.81,260348.88,262567.38,260988.93,262702.53,264833.82,266181.75,265947.66,268548.15,269002.56,275518.32,278092.29,282792.45,286864.8,289738.65,295319.58,614636.082030646,400131.309735233,369261.203915527,337496.412771118,288596.570228882,316145.430114441,249278.463076294,229981.173190735,222624.084847412,221851.814542236,354199.920305176,227161.880038147,230985.207809265,229535.850305176,232429.08461853,361597.382961853,231419.435033265,235405.41805853,309235.893969176,250463.79149853,333386.472523617,267261.939032879,276448.576501816,81185.0588731758,84516.0339260576,85110.9327582363,87059.0969722939,88839.5552708242,91273.3754087666,62369.5226909394,38919.973608,NA,NA,NA,NA,NA
Cambodia,KHM,Methane emissions (kt of CO2 equivalent),EN.ATM.METH.KT.CE,NA,NA,NA,NA,NA,NA,NA,NA,NA,NA,1004325,809670,677960,535085,410842.74,478000.05,468518.13,486112.11,492791.58,403604.82,600081.3,557526.9,653820,740780.1,507828.93,617691.6,656971.8,657690.9,740514.9,724725.300000001,1477069.23673329,881707.730604473,939336.017527412,954087.194908116,849462.249084473,1377442.86677035,958160.724626709,978852.866755527,1210303.23491706,1021252.90628294,1620592.04459706,1005990.77915706,1089801.76394965,1147694.60881482,1190493.79559105,1947650.77473789,1445524.74360588,2240920.00423412,2464514.91005035,1688153.46312,2641810.51901623,2004655.38713789,2011431.15418965,357597.534631055,350040.236631055,347894.796189649,354854.662963066,361952.075454824,360628.142533418,235458.117851758,142691.40432,NA,NA,NA,NA,NA
Kiribati,KIR,Methane emissions (kt of CO2 equivalent),EN.ATM.METH.KT.CE,NA,NA,NA,NA,NA,NA,NA,NA,NA,NA,237.66051,257.5755,274.24383,289.5576,301.19223,318.94482,341.84127,356.73939,370.00653,384.23706,398.24931,404.39328,413.04951,425.30736,438.79584,456.49335,472.069769999999,487.5855,501.962909999999,521.1435,688.393703105931,699.07832710593,710.90335110593,721.97977510593,733.12659910593,745.90182310593,824.587543105931,878.338270211861,893.18279021186,909.963910211861,932.860238211861,949.66334221186,973.578054211861,985.950766211861,1001.27807821186,1014.90898221186,1031.57571021186,1051.63683821186,1070.42915821186,1090.05508621186,1112.01181421186,1122.12513021186,1133.85744621186,386.442750211861,390.798870211861,394.119982211861,397.327702211861,400.345430211861,403.286150211861,285.746878211861,185.679608,NA,NA,NA,NA,NA
St. Kitts and Nevis,KNA,Methane emissions (kt of CO2 equivalent),EN.ATM.METH.KT.CE,NA,NA,NA,NA,NA,NA,NA,NA,NA,NA,1340.8461,1296.9759,1289.4993,1270.9659,1282.4562,1285.9854,1372.7007,1410.2622,1412.394,1426.5975,1400.8935,1390.9383,1424.3943,1357.2987,1381.9317,1353.3054,1365.3669,1381.2075,1396.0383,1386.3432,2481.12614519209,2535.33864919209,2617.73155319209,2593.72965719209,2597.03176119209,2621.49987319209,2678.97663319209,2797.34100119209,2782.96336919209,2783.35413719209,2842.12089719209,2871.92615319209,2895.02820119209,2920.44344919209,3008.47069719209,3043.10673684744,3071.21490484744,2982.93106484744,2944.96142484744,2920.85199284744,2890.47435284744,2905.56860084744,2872.33084884744,1492.81611284744,1490.70763284744,1501.89815284744,1506.19363284744,1513.95410484744,1522.27358484744,1050.57205684744,656.566544,NA,NA,NA,NA,NA
Korea,KOR,Methane emissions (kt of CO2 equivalent),EN.ATM.METH.KT.CE,NA,NA,NA,NA,NA,NA,NA,NA,NA,NA,1323383.7,1313862,1317625.8,1359303,1423914.9,1448624.4,1420727.4,1457008.8,1470804.3,1481794.8,1481213.4,1491959.1,1494912,1565598,1639604.1,1701232.5,1732633.2,1722122.1,1701829.2,1642087.8,3077370.15152588,1909837.94694824,1872098.15938965,1868547.55786377,1865363.55335693,2411220.50274658,1924410.48213623,1954998.79183105,1905699.99152588,1882284.01335693,3053258.71061035,1902382.62152588,1900721.35030518,1916084.57755859,1919429.2512207,3086731.91061036,1963631.59335693,1964732.50633789,2481250.42305176,1915246.48274658,2551463.96183105,1952690.23030518,1969001.98633789,464658.292746582,457842.336337891,453788.893653418,448453.669665175,446146.582094825,445478.125970352,290251.661451758,175921.04136,NA,NA,NA,NA,NA
Kosovo,XKX,Methane emissions (kt of CO2 equivalent),EN.ATM.METH.KT.CE,NA,NA,NA,NA,NA,NA,NA,NA,NA,NA,NA,NA,NA,NA,NA,NA,NA,NA,NA,NA,NA,NA,NA,NA,NA,NA,NA,NA,NA,NA,NA,NA,NA,NA,NA,NA,NA,NA,NA,NA,NA,NA,NA,NA,NA,NA,NA,NA,NA,NA,0,NA,NA,NA,NA,NA,NA,NA,NA,NA,NA,NA,NA,NA,NA,NA
Kuwait,KWT,Methane emissions (kt of CO2 equivalent),EN.ATM.METH.KT.CE,NA,NA,NA,NA,NA,NA,NA,NA,NA,NA,1117430.4,1176503.7,1184016,1018164,791769.9,633241.5,616375.8,549769.8,629753.1,675260.4,469296.39,329885.34,255861.9,305953.08,329943.48,328524.15,332082.93,335153.13,371055.6,434683.71,616651.904287055,154778.339831323,396794.816343055,607953.847841533,715176.398548242,874103.18573623,722537.220444473,746091.82270211,723455.309241407,674665.305933292,1121395.18926824,704948.877318593,682102.345674121,790884.605250351,832837.299108242,1357927.6720414,915548.332678594,883536.411780703,1143103.30608,847588.762130351,1101017.64459859,896130.736708242,919716.645001406,349945.920974825,348744.954554121,349283.199579297,370265.822921406,350845.366883066,356250.852666582,317821.475937891,181125.00936,NA,NA,NA,NA,NA
Latin America & Caribbean,LAC,Methane emissions (kt of CO2 equivalent),EN.ATM.METH.KT.CE,NA,NA,NA,NA,NA,NA,NA,NA,NA,NA,24768581.7695,22862947.7971,24415733.7389,23997367.248,25198560.8189,26465002.36,28434165.7259,27342597.5662,28667296.101,29575162.1345,31009584.5835,30700448.2047,31780583.0004,31906244.5811,30990614.7206,31644558.0953,32405046.9037,34178361.036,33537568.8504,34245835.5894,71570022.9615818,43843985.8567748,44978417.4235527,46319255.7348466,45241264.838829,61881454.5633477,47074642.454932,47728828.7632841,50327201.1743309,48786098.3523654,79073836.3863712,49418222.8783294,51035953.7660682,53487393.4644566,57007228.8331177,91646459.3004113,53451173.4033988,54118839.6466014,70675770.975923,55496131.0734444,73366004.696843,57545712.7302714,59054715.3776797,17330433.1621584,17665122.199074,17929346.3661905,18051876.9464623,18099453.6095261,18066192.3169482,12633900.0669238,7860691.569504,NA,NA,NA,NA,NA
Lao PDR,LAO,Methane emissions (kt of CO2 equivalent),EN.ATM.METH.KT.CE,NA,NA,NA,NA,NA,NA,NA,NA,NA,NA,355764.78,286512.9,315996.51,378748.95,282418.11,278903.19,243233.28,319655.25,359344.47,352237.11,404241.81,374798.49,374137.02,531491.4,363067.98,333566.52,365709.78,417245.79,349737.09,299799.93,483251.289030646,424654.596985354,524804.97761053,464093.60893853,454420.992266531,490834.809654646,426834.06373894,442715.977144767,1002389.22452624,883617.209763118,447106.065457764,466153.240483118,503993.097813648,491000.890991412,709891.893779706,609251.301957648,509950.610200588,493767.041757061,504028.840542236,511230.914082352,808934.836189061,811338.738120768,828452.194891527,137657.066068473,140560.42537347,144105.662618352,149184.44433053,148614.163094646,144586.417646058,99655.8735871182,64090.51452,NA,NA,NA,NA,NA
Lebanon,LBN,Methane emissions (kt of CO2 equivalent),EN.ATM.METH.KT.CE,NA,NA,NA,NA,NA,NA,NA,NA,NA,NA,27815.094,28476.513,29247.174,29483.559,29733.663,28833.36,27972.225,28468.659,30681.855,30485.76,31605.261,31851.03,31615.359,31767.849,32167.893,32802.333,33547.443,34113.339,34041.786,34654.602,82022.501604294,57890.4952535591,59587.5779791181,61274.1731815144,62574.1019532204,81747.024617853,70537.7079181916,73856.8567636614,78114.5841402939,81175.7589857637,119431.919961853,85517.675019118207,87980.9140763833,89860.0640793228,91171.7591365878,130645.991193853,96166.0258991182,97678.0716806772,121057.108263323,102333.048930441,125300.561635706,106155.56587453,108036.954105176,56255.029820294,57533.2228972651,58498.3830505303,59935.1077070288,61422.906401853,62884.9721046772,44311.5917913228,27672.107456,NA,NA,NA,NA,NA
Liberia,LBR,Methane emissions (kt of CO2 equivalent),EN.ATM.METH.KT.CE,NA,NA,NA,NA,NA,NA,NA,NA,NA,NA,25151.568,25974.453,26823.246,28056.069,27744,27826.926,28173.726,32093.178,32084.406,33781.431,35351.925,34868.853,36311.184,36307.155,37281,38255.253,41512.725,42499.779,45470.631,46571.721,61901.6221872316,55956.2432864633,54302.5584199209,50668.3645406102,48963.0176231526,51024.4627351526,51345.3115031526,56204.9852464632,61761.089035921,67049.6958039209,72369.2805719209,75854.5206359209,75030.8317079209,75481.171741774,79829.079805774,79671.3429159209,88592.1765286893,95504.5490905424,96888.33072,96898.2553089265,96190.7769836837,99956.4832636837,103759.000505537,33657.4176236837,37204.7155084521,41418.0433518419,40868.7674721581,41072.9237164521,41538.5948383051,4751.48901107349,2710.95116,NA,NA,NA,NA,NA
Libya,LBY,Methane emissions (kt of CO2 equivalent),EN.ATM.METH.KT.CE,NA,NA,NA,NA,NA,NA,NA,NA,NA,NA,1514455.2,1202508.6,966113.4,931953.6,681666,746645.1,877337.699999999,898926,895957.800000001,942444.300000001,899772.6,660210.3,697863.6,643446.6,623031.3,605630.1,763755.6,685995.9,727152.9,736567.5,2473984.89320613,1942310.74348422,1771787.61537176,1785999.53336281,1878640.95196422,2189752.11981367,1994861.41645367,1855807.94171859,1827679.17690352,1726152.77049176,2228983.68774211,1730417.29400894,1709766.13256281,1871755.92318211,1972950.52883859,2640827.09800281,2212463.7639793,2212162.47712563,2584455.84601226,2153205.08404141,2563847.92001789,1628455.43920588,2069032.90183438,906805.437093164,625668.702637187,536020.248402812,554314.560204219,798090.839564219,913338.818628242,741655.534936484,192264.9604,NA,NA,NA,NA,NA
St. Lucia,LCA,Methane emissions (kt of CO2 equivalent),EN.ATM.METH.KT.CE,NA,NA,NA,NA,NA,NA,NA,NA,NA,NA,1409.2269,1411.8585,1404.4635,1414.6176,1402.6887,1416.2853,1441.5558,1498.7982,1528.7301,1569.5709,1620.423,1665.6702,1724.1672,1773.7494,1819.2618,1812.3513,1820.6949,1839.5139,1854.8139,1870.4505,14827.4354126102,14915.0989264633,15182.4078021693,15405.7031544409,15632.9498762939,14277.1196966326,12416.2150335367,10856.4922050847,9201.76762277954,7649.77292153674,6169.92933923163,6009.41861923163,6113.04509923163,6191.7098006893,6236.6494806893,6275.1129686893,6377.3322966893,6463.11659454233,6508.49313054232,6603.52245854233,6687.777016,6733.328938,6839.19286,4854.370624,4925.40032185303,5010.55904985303,5030.50866585303,5092.77235491534,5114.79996291534,3515.31357091534,2182.876136,NA,NA,NA,NA,NA
Latin America & Caribbean (all income levels),LCN,Methane emissions (kt of CO2 equivalent),EN.ATM.METH.KT.CE,NA,NA,NA,NA,NA,NA,NA,NA,NA,NA,27673080.90752,25767754.98188,27434641.6056,27098628.13725,28352143.3667,29705135.08733,31706375.01426,30613136.53412,31926536.75088,32893930.10675,34413217.12856,34057838.92663,35129824.59509,35178570.98517,34243590.52125,34903195.45847,35683096.28013,37536812.71927,36992088.94171,37689511.00303,72894743.8690364,50217664.7244134,51475068.8627315,52942003.4080336,51987262.5036857,62419256.4396126,54406446.861936,55278294.0405098,57882274.4476911,56204069.7887876,80677900.6224529,57068676.934799,58509770.2371172,61040222.2002689,64877355.8053729,94989325.9809808,61603300.6249932,62239008.1552049,80595187.8599399,63488640.203962,82810795.4132693,65380235.6550024,67178982.1989982,21564411.0248334,21860967.3848679,22023989.9779109,21955564.1325584,21695379.925122,21313580.8792188,14883755.9389204,9030406.16056,NA,NA,NA,NA,NA
Least developed countries: UN classification,LDC,Methane emissions (kt of CO2 equivalent),EN.ATM.METH.KT.CE,NA,NA,NA,NA,NA,NA,NA,NA,NA,NA,32157796.2045,24668207.2725,25511758.68556,27574242.56337,23588525.50795,25796397.25094,24855315.04345,28069659.31369,28616008.14608,31470574.98374,31214630.23437,28434609.37822,30618051.91808,32543573.76172,27184206.44733,26601441.39897,27059669.8011,31179263.7216,26821310.45984,27520133.6376,54513033.8272244,35130930.3414426,42997478.5574412,35945207.1012349,37332251.9830541,44957783.2155076,37472735.2872177,37491420.4717852,39415068.6519198,39997140.5465267,54242577.1325779,41051798.7766831,40724352.4657232,41249519.8866435,43031029.8605273,58330188.5118597,49648061.6404793,60576401.0025893,62458337.0352232,52189446.0355406,64792763.3999086,53589352.1318957,54921193.1386874,15082933.327484,15359849.272145,15648863.7841455,15914991.9396665,16112079.6305903,16320563.6728468,10624102.7437069,6690195.878552,NA,NA,NA,NA,NA
Low income,LIC,Methane emissions (kt of CO2 equivalent),EN.ATM.METH.KT.CE,NA,NA,NA,NA,NA,NA,NA,NA,NA,NA,18171023.945,13701643.675,14020122.37,14797781.638,13018364.052,14526067.93,14071601.799,15790271.214,15685362.832,18344236.352,17869089.349,16077437.065,17748092.264,17392908.079,15333553.176,15097185.841,15043778.349,17535197.055,14986727.892,16251734.303,42515504.2825622,21222457.2073967,25985173.6236885,21165286.1134705,22466217.2512567,34894743.6173629,22702540.4789139,22877629.1260703,23550450.7132159,23116384.8869458,43328062.541053,24397357.9316608,24686253.5235792,24743205.3827595,25311879.2281158,43555494.5232742,31420822.6003037,39818472.0871563,40806128.2942683,32981945.6852696,41927001.5027998,33378959.4343211,34010269.3748411,9429199.20792871,9615539.74015613,9751728.38393885,9959062.2907628,10102256.934496,10326374.8210196,6570410.59458796,4103427.38904,NA,NA,NA,NA,NA
Liechtenstein,LIE,Methane emissions (kt of CO2 equivalent),EN.ATM.METH.KT.CE,NA,NA,NA,NA,NA,NA,NA,NA,NA,NA,NA,NA,NA,NA,NA,NA,NA,NA,NA,NA,NA,NA,NA,NA,NA,NA,NA,NA,NA,NA,137.450816,137.931664,138.282392,138.5564,138.784896,139.052704,141.753616,139.652248,140.240352,140.698808,143.211728,141.474616,144.103368,144.607704,145.077464,145.457272,145.11676,145.156984,147.807384,144.8818,145.157208,144.886072,145.046016,145.456816,143.12304,143.511672,143.085704,143.13804,143.190384,23.24172,20.706056,NA,NA,NA,NA,NA
Other low-income,LIO,Methane emissions (kt of CO2 equivalent),EN.ATM.METH.KT.CE,NA,NA,NA,NA,NA,NA,NA,NA,NA,NA,NA,NA,NA,NA,NA,NA,NA,NA,NA,NA,NA,NA,NA,NA,NA,NA,NA,NA,NA,NA,NA,NA,NA,NA,NA,NA,NA,NA,NA,NA,NA,NA,NA,NA,NA,NA,NA,NA,NA,NA,NA,NA,NA,NA,NA,NA,NA,NA,NA,NA,NA,NA,NA,NA,NA,NA
"Low income, excluding China and India",LIX,Methane emissions (kt of CO2 equivalent),EN.ATM.METH.KT.CE,NA,NA,NA,NA,NA,NA,NA,NA,NA,NA,NA,NA,NA,NA,NA,NA,NA,NA,NA,NA,NA,NA,NA,NA,NA,NA,NA,NA,NA,NA,NA,NA,NA,NA,NA,NA,NA,NA,NA,NA,NA,NA,NA,NA,NA,NA,NA,NA,NA,NA,NA,NA,NA,NA,NA,NA,NA,NA,NA,NA,NA,NA,NA,NA,NA,NA
Sri Lanka,LKA,Methane emissions (kt of CO2 equivalent),EN.ATM.METH.KT.CE,NA,NA,NA,NA,NA,NA,NA,NA,NA,NA,578238,564483.3,536785.2,549876.9,608639.1,518415,537851.1,595052.7,611036.1,591171.6,606986.7,618196.5,573260.4,585066.9,630946.5,620277.3,604589.7,546235.5,589784.4,542430.9,1297260.75052141,844464.822601407,849546.904071055,871568.931958594,894558.481220703,1102441.15366211,769720.581373291,720971.808474122,643423.789542236,637524.091321533,959285.988762939,563923.905161942,580096.696392,611670.256774824,559607.364089354,995694.74323494,629803.135950646,656349.175505764,900638.95560294,664194.948081764,924448.625933879,709553.578812703,717025.694097533,175067.036180703,157585.461144,172605.557557061,167865.379604115,151674.166362352,168015.467188703,104986.866252115,67021.369392,NA,NA,NA,NA,NA
Lower middle income,LMC,Methane emissions (kt of CO2 equivalent),EN.ATM.METH.KT.CE,NA,NA,NA,NA,NA,NA,NA,NA,NA,NA,62025403.83578,58961254.754,63588220.95534,63714195.6873,61560960.27964,62532162.36516,64116175.13046,68936980.86952,67915467.90654,70622414.11318,71290454.24918,69525876.91074,83754739.4155799,76867479.00028,71099755.52912,71474419.7027,75982165.2917601,82900176.3505,75142075.48468,76700450.3907,168490608.504019,109248011.053232,112570050.550917,106098419.014907,111019037.501537,145968086.032843,107282370.37511,133785668.215115,111695519.175392,111459844.287147,180853258.765922,112427964.24887,116772779.924878,114504463.808924,119543711.358991,192434905.400285,131600491.915316,125850744.96336,158421155.205889,128794150.368411,162785917.443309,128550925.152575,131531594.11617,41092461.5051376,41470069.659864,41880761.3047834,42749476.6204495,43253277.8870662,43700736.6728958,29234857.1734488,17218548.146544,NA,NA,NA,NA,NA
Low & middle income,LMY,Methane emissions (kt of CO2 equivalent),EN.ATM.METH.KT.CE,NA,NA,NA,NA,NA,NA,NA,NA,NA,NA,182308323.329378,174732342.597808,184084564.549589,185583461.741054,182808401.590896,188793351.819387,194222454.619492,201836869.743082,202574721.340285,209227623.87314,210505978.597869,205947020.804984,227739198.744444,221016840.294767,213310686.258502,214987230.03163,223156437.41983,237148829.33883,227392883.59354,233513186.73868,480154487.942111,310191430.083673,316575985.09959,303020437.660653,307678931.649237,395726431.661889,307342079.462593,336814603.885869,314318291.252294,308940780.465331,486461366.183112,315084728.27058,325601433.261402,330337160.003867,344432125.139096,540873130.40804,373115326.688575,378131922.741361,477420513.622139,384495567.005336,498431293.562597,395975206.889923,407879246.404981,115283805.833542,116361669.107966,117294337.489939,118381957.864897,119838684.948859,121407770.728924,82902731.8108054,50975540.85848,NA,NA,NA,NA,NA
Low-income Africa,LSA,Methane emissions (kt of CO2 equivalent),EN.ATM.METH.KT.CE,NA,NA,NA,NA,NA,NA,NA,NA,NA,NA,NA,NA,NA,NA,NA,NA,NA,NA,NA,NA,NA,NA,NA,NA,NA,NA,NA,NA,NA,NA,NA,NA,NA,NA,NA,NA,NA,NA,NA,NA,NA,NA,NA,NA,NA,NA,NA,NA,NA,NA,NA,NA,NA,NA,NA,NA,NA,NA,NA,NA,NA,NA,NA,NA,NA,NA
Lesotho,LSO,Methane emissions (kt of CO2 equivalent),EN.ATM.METH.KT.CE,NA,NA,NA,NA,NA,NA,NA,NA,NA,NA,57607.5599999999,53242.47,52283.67,51693.6,52765.11,54838.26,53841.21,49994.943,50536.5119999999,53459.22,56221.89,56631.93,58140,57332.67,56400.9,58499.55,59309.43,67186.38,65705.85,63283.35,74839.57532,73381.619752,81910.6992713674,78752.7407716615,77179.1928332651,77650.3274098531,72342.033164294,71575.2086803163,69738.8592646326,81662.7301144409,79798.7084683386,76048.1718664856,83043.2721391181,83105.2578615144,72353.4629052651,79973.7453987795,79240.9236073674,81265.2105790734,81978.6027495144,83143.1527593675,83833.6728535144,85297.7905052205,86423.0512030735,26404.6527212651,26548.0315255591,26745.457299706,26506.713424,28322.1146055144,27190.8337378084,12482.7794234121,7990.627624,NA,NA,NA,NA,NA
Late-demographic dividend,LTE,Methane emissions (kt of CO2 equivalent),EN.ATM.METH.KT.CE,NA,NA,NA,NA,NA,NA,NA,NA,NA,NA,91617385.14176,92433766.3069201,96091047.15874,96798281.3699999,97979019.8962,101602876.9443,104899337.2094,105477739.5888,107801952.748,108193157.5572,109297171.5686,107994898.6713,110103562.0112,113668624.1459,114457075.2032,115500756.2402,118058441.4426,121188809.4061,123080426.8842,125135752.8515,159033458.339385,153865516.290938,152833466.651605,150708679.102386,148253397.067681,150227879.641399,151118858.761842,147390854.421548,150278030.725087,146945574.049636,150385423.133952,149808477.711588,154437847.570113,161446865.059473,169236573.775466,176559065.996259,177196548.660923,181601645.540107,188287847.115693,191541119.050335,201962932.56574,203549725.211005,210834208.829848,55382576.3259823,55841536.7211701,56224638.670807,56136561.3186661,56529611.4174714,57195763.311787,38311088.2665159,23671740.253448,NA,NA,NA,NA,NA
Lithuania,LTU,Methane emissions (kt of CO2 equivalent),EN.ATM.METH.KT.CE,NA,NA,NA,NA,NA,NA,NA,NA,NA,NA,233775.84,244781.64,252207.75,258865.29,265894.62,272614.38,274186.2,278904.72,285715.26,290986.62,292073.43,296208.51,298534.62,305971.44,311965.98,317806.5,322477.59,328018.74,352909.8,386157.21,787237.536862236,474142.979786939,456529.91276253,392802.715207412,355241.385538352,437713.076785355,328974.953819527,329874.808427527,329788.505014236,318373.21461853,503172.371297176,302335.121933648,314458.286845061,310592.124339528,313991.760914939,487419.842075528,314472.279280767,314510.960948294,412338.389558645,308189.868491029,401928.542553764,297774.940975556,290972.149327113,67743.4701748242,65935.2359562939,65352.510862734896,63504.9900745303,61857.260611706,59443.4114622363,39418.6670295591,23986.887376,NA,NA,NA,NA,NA
Luxembourg,LUX,Methane emissions (kt of CO2 equivalent),EN.ATM.METH.KT.CE,NA,NA,NA,NA,NA,NA,NA,NA,NA,NA,36416.856,36506.31,37046.043,38650.452,40532.913,40973.655,41703.108,42740.295,43929.156,44917.077,45756.18,46514.244,46046.166,46809.738,46765.266,47711.316,47584.836,48226.518,48461.067,49054.299,86732.6510953674,62821.7663052204,65587.3853612205,65963.2955852204,67639.0103513675,82620.9915833674,58681.3355033675,62586.7699273674,58590.7042710957,58798.4907852205,89087.0966470959,61550.7835190958,59532.6512710958,58946.1459972428,56598.9626772428,90266.5133633897,59927.8327713898,62229.5300452428,85429.0867972428,69774.2687572428,91211.1122372428,66841.9306837598,64126.4900201299,10496.4340335367,10604.7438735367,10605.4156415367,10612.3223935367,10719.3665313898,10516.2797535367,7268.41392953675,4446.104096,NA,NA,NA,NA,NA
Latvia,LVA,Methane emissions (kt of CO2 equivalent),EN.ATM.METH.KT.CE,NA,NA,NA,NA,NA,NA,NA,NA,NA,NA,169458.72,176571.69,181571.22,186582.48,192136.38,196977.3,197873.37,199544.64,202810.68,204636.48,205039.89,205641.18,207833.16,212133.48,216601.59,220521.45,223438.65,226751.1,242995.11,262984.56,523968.166243118,329278.512270645,329885.25489053,291279.990454147,218008.003871323,244989.578123617,194776.62839453,189121.668158147,184608.216479323,178323.480535412,273544.763913176,176186.935902735,199304.004206147,182211.254435029,183393.935441764,288432.50117347,185791.18812547,186022.223275617,247993.368151323,189335.090212383,248408.127515118,185694.766491222,184892.910233562,38812.1892209712,39887.1313742363,38432.6157754121,38621.9064412651,38388.9650892651,37644.795928,25740.601652294,15622.484232,NA,NA,NA,NA,NA
"Macao SAR, China",MAC,Methane emissions (kt of CO2 equivalent),EN.ATM.METH.KT.CE,NA,NA,NA,NA,NA,NA,NA,NA,NA,NA,2492.3904000000002,2568.0285,2624.7405,2683.2477,2721.3243,2747.5587,2762.0988,2754.4845,2784.9111,2807.2491,2866.6386,2915.8944,2991.7416,3100.647,3195.1602,3346.8087,3502.9452,3668.4555,3872.5677,4077.7458,3907.9806,4093.8528,4277.448,4459.9346,4628.244,4772.96,4934.558,5048.822,5164.052,5259.548,5254.212,5322.108,5367.786,5448.562,5599.212,5807.868,5968.77600000001,6192.52,6431.71999999999,6606.06,6790.65799999999,6858.56458,6926.47116,NA,NA,NA,NA,NA,NA,NA,NA,NA,NA,NA,NA,NA
St. Martin (French part),MAF,Methane emissions (kt of CO2 equivalent),EN.ATM.METH.KT.CE,NA,NA,NA,NA,NA,NA,NA,NA,NA,NA,NA,NA,NA,NA,NA,NA,NA,NA,NA,NA,NA,NA,NA,NA,NA,NA,NA,NA,NA,NA,NA,NA,NA,NA,NA,NA,NA,NA,NA,NA,NA,NA,NA,NA,NA,NA,NA,NA,NA,NA,NA,NA,NA,NA,NA,NA,NA,NA,NA,NA,NA,NA,NA,NA,NA,NA
Morocco,MAR,Methane emissions (kt of CO2 equivalent),EN.ATM.METH.KT.CE,NA,NA,NA,NA,NA,NA,NA,NA,NA,NA,432803.85,440468.64,428726.4,429794.85,421877.1,425607.24,426413.55,423633.030000001,438637.23,435627.719999999,453770.969999999,441818.61,377176.11,394993.98,387019.11,408608.43,440582.88,470469.9,450304.5,467630.219999999,956691.318865176,598590.303503055,593488.188233763,547350.343430236,543716.346474121,716009.650985533,570565.709167055,591616.917389648,598371.723138121,618492.208404115,1097327.12984741,641471.61498694,643039.262303412,660913.952001533,686464.56811706,1101131.04928895,715719.33734671,725232.927002939,950380.914217764,740529.511817764,992048.17750671,782734.512595527,791067.506005879,243676.275127412,248770.882248945,251551.10356294,254499.372625176,256969.883591055,261124.912268115,157560.560109648,96238.44016,NA,NA,NA,NA,NA
Monaco,MCO,Methane emissions (kt of CO2 equivalent),EN.ATM.METH.KT.CE,NA,NA,NA,NA,NA,NA,NA,NA,NA,NA,NA,NA,NA,NA,NA,NA,NA,NA,NA,NA,NA,NA,NA,NA,NA,NA,NA,NA,NA,NA,NA,NA,NA,NA,NA,NA,NA,NA,NA,NA,NA,NA,NA,NA,NA,NA,NA,NA,NA,NA,NA,NA,NA,NA,NA,NA,NA,NA,NA,NA,NA,NA,NA,NA,NA,NA
Moldova,MDA,Methane emissions (kt of CO2 equivalent),EN.ATM.METH.KT.CE,NA,NA,NA,NA,NA,NA,NA,NA,NA,NA,105476.67,109865.73,113993.16,117504,121272.39,124369.62,125784.36,125998.56,127117.5,127468.89,127154.22,127441.35,129438.51,132717.81,136439.79,139314.15,141449.52,143816.43,163249.98,186275.97,455155.752184,297630.412287233,306687.543065176,286639.745555527,281804.45352,341551.072789649,263853.320833354,245524.96302147,237297.391599233,231145.409719233,340071.404580383,214110.934580383,227267.77538147,234521.795190735,231840.780457764,348699.739809265,225023.953228882,224027.188038147,282688.617732971,216439.705038147,286122.170343323,222909.121590226,223634.063025865,64552.9825870288,65346.4848824409,65445.6783224409,65173.9051525879,65598.0868301469,64685.6867827349,43443.1730406772,26297.616176,NA,NA,NA,NA,NA
Madagascar,MDG,Methane emissions (kt of CO2 equivalent),EN.ATM.METH.KT.CE,NA,NA,NA,NA,NA,NA,NA,NA,NA,NA,774899.1,639866.4,662694,687444.300000001,677086.2,710695.199999999,691804.800000001,743666.699999999,778831.199999999,834125.4,814786.199999999,794498.4,819366,818473.5,776230.199999999,778311,779494.199999999,820794,768534.300000001,797655.300000001,1134993.69690377,1066531.4308,1175970.92889789,1082088.36424,1092775.65294824,1144079.03859553,1089729.89679105,1085389.52232,1230860.48265176,1206103.83054211,1186242.25202377,1108649.2201807,1008957.84314965,1097091.90894518,1048976.64206671,1222152.79976588,1105680.20859859,1162191.15231412,1193986.53511412,1222946.47646824,1244034.52201482,1242459.09568,1260658.27537789,311436.875179297,314581.478065176,309504.258814824,323419.679902109,303136.371761533,325688.47056,226663.58699706,152175.51496,NA,NA,NA,NA,NA
Maldives,MDV,Methane emissions (kt of CO2 equivalent),EN.ATM.METH.KT.CE,NA,NA,NA,NA,NA,NA,NA,NA,NA,NA,668.1408,688.647899999999,711.659100000001,737.128499999999,763.9545,795.156300000001,818.346000000001,845.758499999999,873.4005,901.914600000001,929.673899999999,961.482600000001,994.423500000001,1028.6139,1063.9365,1103.9307,1137.1725,1170.144,1204.2426,1234.9905,1927.29009242372,2032.66443642372,2117.15917898023,2164.22632298023,2229.19666698023,2491.44380298023,2343.21270698023,2456.18581098023,2562.68389863558,2632.14440263558,2908.10010663558,2782.99995463558,2948.25419463558,3069.9482491921,3158.49069719209,3251.39034519209,3433.43501719209,3591.81808084744,3773.48095284744,3937.40244630511,4067.79151830511,4195.61913230512,4303.44574596046,2001.50750996046,2085.74416561582,2189.98083761582,2271.78241327116,2373.58399727116,2455.38457292651,1717.18615692651,1101.32176,NA,NA,NA,NA,NA
Middle East & North Africa (all income levels),MEA,Methane emissions (kt of CO2 equivalent),EN.ATM.METH.KT.CE,NA,NA,NA,NA,NA,NA,NA,NA,NA,NA,11719209.726,12342693.6,13298859.042,14989568.559,14635250.394,13976082.891,15833741.979,15614619.051,15418230.852,14629840.569,13546438.695,11530344.384,11248721.16,10900755.657,10195874.049,10261650.636,10812778.464,10968153.432,11327910.951,11923316.469,26795776.5103235,18993135.0210961,19875297.0113523,20577721.3790749,21328654.7607039,25338047.2811096,22717804.6670438,23606810.2889483,24148980.8721366,24766931.4082679,36389595.1776416,25863904.3348033,26230359.84422,27836595.6719288,28916555.7695497,41777124.6447723,31131529.3196096,31572396.2162633,40674761.9472178,32572241.4799525,42979149.1557149,33743413.3580142,34981150.9033322,12738919.6246632,12601549.866386,12709367.3213388,13436072.5084972,13859127.3903334,14137771.0626735,10878969.3634277,6015677.574224,NA,NA,NA,NA,NA
Mexico,MEX,Methane emissions (kt of CO2 equivalent),EN.ATM.METH.KT.CE,NA,NA,NA,NA,NA,NA,NA,NA,NA,NA,3110954.1,3134817,3144522.3,3164330.7,3400011.9,3564282.9,3677900.7,3711443.4,3987970.5,4181280.9,4484705.4,4745111.4,5205672,5006991.3,4950029.4,5026651.8,4959020.7,4960224.3,4917165,5024316,10111552.4936621,5975921.87220703,5845518.60657227,6082525.12366211,6116517.67023438,8456683.83145508,6652408.6,6809492.09098632,7485289.44854493,6790832.49389649,10999288.6938965,7093710.92610352,7311134.76,7422533.9624414,7306950.97633789,11772270.0661035,7520848.19023437,7618934.53511718,9979093.05267578,7757680.89511719,9989244.43267578,7847090.37598563,7818040.28857788,2365016.09511719,2529424.22046875,2678124.50488281,2686538.84437266,2669826.74188984,2693246.87790312,1835000.36180703,1147847.1112,NA,NA,NA,NA,NA
Marshall Islands,MHL,Methane emissions (kt of CO2 equivalent),EN.ATM.METH.KT.CE,NA,NA,NA,NA,NA,NA,NA,NA,NA,NA,124.41195,127.69227,130.6467,133.53789,137.00793,140.2653,143.15343,146.40111,149.77476,153.43503,157.70628,162.65481,169.12518,176.34576,184.26402,193.23492,202.73163,212.86533,223.38714,235.63683,523.193470211861,759.952609317791,775.740149317791,789.667521317791,803.279261317791,815.988101317791,829.220845317791,836.899549317791,841.396433317791,845.892857317791,850.554033317791,854.710253317791,859.840753317791,866.101093317791,873.528825317791,881.293745317791,888.751205317791,898.569377317791,909.532037317792,920.603789317791,932.839721317791,937.449161117791,942.058600917791,581.599973317791,582.665053317791,583.731133317791,584.424749317791,585.118373317791,585.811997317791,406.505613317791,255.28824,NA,NA,NA,NA,NA
Middle income,MIC,Methane emissions (kt of CO2 equivalent),EN.ATM.METH.KT.CE,NA,NA,NA,NA,NA,NA,NA,NA,NA,NA,164167166.075078,161060865.152508,170095195.037289,170817450.739154,169823524.248096,174302173.667287,180186122.672792,186082393.715282,186925287.898885,190919098.14464,192672140.962169,189905174.785184,210026795.469944,203659443.453267,198012979.665502,199927008.16183,208149392.38393,219651216.47683,212446136.36224,217302480.97428,437662576.451449,288986913.446276,290604802.720801,281864338.453082,285215029.66458,360832998.610526,284642345.776579,313938532.115599,290767984.328278,285824305.276185,443134438.398559,290689884.19032,300916361.874023,305596581.772108,319132293.53848,497330430.274565,341710182.688171,338332022.647804,436635513.732671,351534311.213166,456521863.098397,362615426.731452,373898608.18324,105841030.943614,106734605.46581,107541505.947,108425632.065134,109737679.480363,111083657.817905,76334047.8192174,46872113.46944,NA,NA,NA,NA,NA
North Macedonia,MKD,Methane emissions (kt of CO2 equivalent),EN.ATM.METH.KT.CE,NA,NA,NA,NA,NA,NA,NA,NA,NA,NA,103699.32,100773.45,97208.55,95033.3999999999,94852.86,93171.39,89527.44,86851.47,85101.6600000001,84274.95,82532.28,84046.47,82918.35,83572.6799999999,84024.03,84793.11,84066.36,84977.22,84675.3,83051.97,180218.546416677,123135.848365559,112933.019542236,113130.858457764,111404.392771118,127675.149656677,113221.844656677,110208.957732971,107983.214923706,105170.370305176,155437.468076294,108505.013267029,107097.308343323,109374.557892294,111652.865555706,147832.721494147,108384.918699706,107276.549989559,133865.000203118,105248.255798147,132970.200015412,108482.748246824,108406.449745265,44372.5046831181,44967.9661526772,45800.3594996167,46290.4145833228,46951.8345907349,46864.3267888818,30585.1613385303,18958.19288,NA,NA,NA,NA,NA
Mali,MLI,Methane emissions (kt of CO2 equivalent),EN.ATM.METH.KT.CE,NA,NA,NA,NA,NA,NA,NA,NA,NA,NA,422314.17,425345.61,386293.38,380600.25,330980.31,362298.9,368228.16,391245.99,374901.51,421995.42,472236.030000001,459888.42,503137.44,448902.51,410261.85,377700.9,390335.64,397811.22,417556.38,437570.82,625599.490630824,577641.078306939,601872.983838467,604024.602081176,622748.043994352,680459.444694825,678414.864694824,696715.765152588,736325.428931885,755809.499084472,791763.511831055,799625.185425176,785402.099629648,823676.513681534,885520.169339297,905087.725222236,929065.027118467,1049322.82550518,1102560.22419706,1107270.6634993,1135277.57631106,1149654.6484593,1166730.38213342,346803.52394377,352944.684195527,364892.378038594,399126.112097891,407893.472260703,422231.889371758,291943.298017891,184563.85696,NA,NA,NA,NA,NA
Malta,MLT,Methane emissions (kt of CO2 equivalent),EN.ATM.METH.KT.CE,NA,NA,NA,NA,NA,NA,NA,NA,NA,NA,4977.192,5192.973,5173.695,5287.935,5318.586,5530.542,5935.737,6162.84,6280.905,6414.423,6403.35599999999,6504.18300000001,6727.614,7069.77299999999,7450.18200000001,7675.5,8075.697,8364.51,8667.297,8975.796,16921.4439998419,11803.8610016949,12331.7191511526,12688.1545246102,13003.8285344633,15327.3791006102,13575.9505984633,14140.6404679209,14137.0868359209,14519.720645774,21525.7569792316,14943.1886592316,15186.0270806893,15444.6269465423,15747.5674185423,23117.732561853,16343.577857853,16574.4335949153,18855.7006464633,14534.0442599209,19370.0016832316,12317.3183142467,10258.5350645725,3583.19013446326,3803.52773192093,3958.78934977396,4160.24662723163,4155.47743523163,4184.59625123163,2885.15206723163,1826.28488,NA,NA,NA,NA,NA
Myanmar,MMR,Methane emissions (kt of CO2 equivalent),EN.ATM.METH.KT.CE,NA,NA,NA,NA,NA,NA,NA,NA,NA,NA,3837969.3,2835707.1,3252764.7,4362494.1,2870841,2914308.3,2871947.7,3846624,4391564.1,3737055.6,4356909.6,3872516.7,3813142.5,6311862,3835857.9,3378704.1,3865621.5,4799865,3820563,2818081.5,7397001.43255387,4122600.81826071,5621522.78266683,4847600.70668422,4475490.84475246,6342992.66656281,4076394.28203578,4026132.9658193,4125749.47830211,5198101.15560613,6506106.76389649,5212345.90061035,4131054.13389648,4349707.81610351,5212245.09427246,7361973.16511719,4622750.06677035,4751425.66728281,6173178.90405316,4752145.57747578,6374749.85706352,4873594.72415718,4908451.51078211,1213973.8919793,1233004.92468422,1260536.74655719,1281140.07122633,1317936.27561227,1332825.43256844,945788.858927031,576880.13552,NA,NA,NA,NA,NA
Middle East & North Africa,MNA,Methane emissions (kt of CO2 equivalent),EN.ATM.METH.KT.CE,NA,NA,NA,NA,NA,NA,NA,NA,NA,NA,7738111.782,7793293.476,8035769.91600001,8762646.03899999,8473591.758,8258332.53899999,9146318.68200001,9014707.011,9046048.857,8504406.36599999,7532461.269,6533558.54100001,7071600.12600001,7156236.05400001,6998170.88699999,7383387.606,7715291.067,7985819.80199999,8069755.194,8459169.723,21411508.2444221,13987068.825365,14446383.8436269,14904858.2147985,15418719.2966969,19918080.3033439,16399526.3607557,16953918.3913876,17392797.738126,18020614.5726085,27947619.2754647,18495173.2080437,18707084.9907858,19689407.9316547,20401941.4366466,30591959.4170466,21864941.2650364,22141450.5316285,28023793.3209317,22612658.0078402,29039171.0990583,22715421.7144343,23567565.1850469,8873634.7795587,8690473.20054277,8674383.03143457,9249838.79362112,9705799.20277841,9897019.21905756,7485633.32610399,3932203.093504,NA,NA,NA,NA,NA
Montenegro,MNE,Methane emissions (kt of CO2 equivalent),EN.ATM.METH.KT.CE,NA,NA,NA,NA,NA,NA,NA,NA,NA,NA,NA,NA,NA,NA,NA,NA,NA,NA,NA,NA,NA,NA,NA,NA,NA,NA,NA,NA,NA,NA,18145.2009603163,17759.6760686102,15727.6372132428,15675.5842673898,15374.7816655367,16018.3377270958,16021.8824550958,15915.0602790958,15750.3490212428,15075.4173818307,13827.6763562939,13388.9917523163,13256.0354723163,13179.2614464633,13103.7100304633,12982.7374483163,13688.7637802939,14306.949377853,14859.2600135591,15618.3968193898,16248.9796553674,15547.7273535367,15740.7421073898,15541.3819295367,15681.7686833898,15793.5434292428,15615.4739633898,15535.0684975367,15276.1110316837,10176.1413655591,6265.896968,NA,NA,NA,NA,NA
Mongolia,MNG,Methane emissions (kt of CO2 equivalent),EN.ATM.METH.KT.CE,NA,NA,NA,NA,NA,NA,NA,NA,NA,NA,343462.56,329784.36,341579.64,374862.75,337130.4,359806.02,364187.94,387538.8,398507.88,388057.47,420728.58,390045.45,395688.6,467264.04,395736.03,359458.71,378598.5,412087.65,391167.45,370223.79,852807.198152588,578063.758,600560.731168945,564062.978626709,539115.04723706,748784.161626709,570925.248085291,589166.001761534,597105.846188115,619669.617185176,983394.520085879,546774.628940473,445646.189397061,433068.063456,419100.438149648,659466.602224945,474050.610405648,508702.232968945,650116.515825176,541451.22632,569150.950417533,480635.349715527,507520.872391055,237015.041194121,271510.731505176,300786.43976,320010.351022109,337418.621217891,336045.909043066,244306.733662109,145275.23752,NA,NA,NA,NA,NA
Northern Mariana Islands,MNP,Methane emissions (kt of CO2 equivalent),EN.ATM.METH.KT.CE,NA,NA,NA,NA,NA,NA,NA,NA,NA,NA,126.49122,130.09998,133.55166,136.82433,140.24949,143.65119,147.00342,150.19398,153.36363,156.53328,160.08135,163.7202,168.00675,172.60236,178.31181,185.26107,193.82499,204.0969,215.99367,229.41075,220.14404,235.37096,250.87066,266.59668,282.67184,297.33618,314.52914,332.16646,349.71592,367.2617,384.4427,401.96594,419.2371,436.24284,453.30516,470.304,484.8308,500.7882,518.305,537.1098,557.5706,563.146306,568.722012,NA,NA,NA,NA,NA,NA,NA,NA,NA,NA,NA,NA,NA
Mozambique,MOZ,Methane emissions (kt of CO2 equivalent),EN.ATM.METH.KT.CE,NA,NA,NA,NA,NA,NA,NA,NA,NA,NA,652448.1,372198,397240.53,430162.56,379557.3,450844.08,399932.31,458943.39,480834.63,628039.5,524433,462333.87,515946.6,507743.25,395302.53,404317.8,392955,539360.7,384454.83,435350.79,1141609.15591553,640588.705501291,896376.671918466,599503.809484473,680377.931853291,890397.729448945,636411.368545175,610934.60604294,786241.071782237,724770.201111055,1213451.19486671,771918.383782237,737485.160481533,786251.148706709,784760.71723706,1369766.04576741,618741.539331885,635752.614422236,825291.588291884,672899.294602939,901723.839308114,720315.507322939,744475.276100704,300240.801672588,305804.902029648,297892.184980703,290601.156965879,298921.969946582,330177.51896,220290.494382109,130043.6524,NA,NA,NA,NA,NA
Mauritania,MRT,Methane emissions (kt of CO2 equivalent),EN.ATM.METH.KT.CE,NA,NA,NA,NA,NA,NA,NA,NA,NA,NA,160989.15,156871.41,144284.61,141445.95,122663.67,125969.49,132101.73,137524.05,140384.64,143988.3,147832.17,157210.56,161828.61,147548.61,142331.82,150333.72,154499.91,159053.7,165594.45,172858.89,246324.281702147,246369.635070236,240805.065323706,247016.14664547,242715.801907118,251963.367694824,258161.319694824,274162.22876294,286225.945,306465.122847412,326507.375915528,328425.192446645,335428.445977764,342965.848356473,346115.140337176,351452.241792,360436.096350645,365017.567993764,362839.010797648,376404.240448767,387197.732312588,390742.620435706,396322.337185354,119068.811718824,122768.070831412,124226.041401942,127502.406598058,127563.746657942,128765.25393053,90174.8413555273,55173.988568,NA,NA,NA,NA,NA
Martinique,MTQ,Methane emissions (kt of CO2 equivalent),EN.ATM.METH.KT.CE,NA,NA,NA,NA,NA,NA,NA,NA,NA,NA,NA,NA,NA,NA,NA,NA,NA,NA,NA,NA,NA,NA,NA,NA,NA,NA,NA,NA,NA,NA,NA,NA,NA,NA,NA,NA,NA,NA,NA,NA,NA,NA,NA,NA,NA,NA,NA,NA,NA,NA,NA,NA,NA,NA,NA,NA,NA,NA,NA,NA,NA,NA,NA,NA,NA,NA
Mauritius,MUS,Methane emissions (kt of CO2 equivalent),EN.ATM.METH.KT.CE,NA,NA,NA,NA,NA,NA,NA,NA,NA,NA,8613.237,8801.68200000001,9037.2,9058.467,8883.94499999999,8414.18400000001,8837.22900000001,8978.244,8638.48199999999,8889.351,8928.417,8966.718,9234.009,9152.613,9303.93000000001,9743.65199999999,10157.007,10326.327,10556.388,10665.528,27120.6551446326,26721.7403929042,27110.3203947572,27366.7974046102,27664.4044064633,28592.0764163163,30060.7030154121,31884.9238609265,33897.332660294,35744.5895058084,38763.7318664856,41191.3958474121,39570.0491525879,40611.810961853,41362.568923706,41274.436961853,43109.7141335144,43863.2508110735,44651.6334966325,45395.1702123386,46365.0503667349,47085.030528294,47852.7286517061,34163.5801612651,34738.8005796614,35328.6235212204,35728.8092609265,36194.1960086326,36648.2717101916,25364.6739347349,15789.806568,NA,NA,NA,NA,NA
Malawi,MWI,Methane emissions (kt of CO2 equivalent),EN.ATM.METH.KT.CE,NA,NA,NA,NA,NA,NA,NA,NA,NA,NA,162658.38,118612.23,128776.02,132067.56,126919.62,144098.46,141305.7,148705.29,154508.58,180658.32,163631.97,155834.07,168834.99,170326.23,156429.75,164925.84,166420.14,196500.96,165490.92,177446.85,261729.228095367,235297.283133514,272250.010171661,218236.748095368,221251.864961853,233100.195109559,219149.642657808,216084.364443118,235125.203124882,226922.343348882,242475.960221559,235784.036893559,241747.287851661,249805.719180338,246814.440928632,256732.234772294,256748.656595706,260157.032514486,264068.414280677,267145.585951323,282864.508041764,289586.479078147,297296.059877469,89132.8764677061,94216.1695814697,100563.18847453,104519.303739706,107091.145233764,115037.485659706,53673.1098947349,35117.575664,NA,NA,NA,NA,NA
Malaysia,MYS,Methane emissions (kt of CO2 equivalent),EN.ATM.METH.KT.CE,NA,NA,NA,NA,NA,NA,NA,NA,NA,NA,730151.699999999,607563,699500.699999999,834982.199999999,636633,653182.5,665595.9,801199.800000001,846023.699999999,868086.300000001,926466,836833.5,845799.300000001,1276004.7,971820.300000001,899328.9,1039298.4,1199724,1086208.2,981423.6,2417865.53562377,1504794.37045623,1722743.0201007,1678971.85913482,1662668.28694824,2363505.79269623,1786656.97175412,1888240.24233789,2255547.71055106,1863968.54869342,3073575.59293929,1864699.65920588,2019567.35264588,2012148.18211859,2214823.2467793,3628338.45449175,2180135.71755859,2198034.69664894,2965582.56978658,2410070.69735106,2865136.40774211,2247044.89273789,2276334.96192614,728014.341908242,743611.750082813,758938.6564,760638.502473867,758695.871913867,765423.902808945,488600.969573164,297404.78344,NA,NA,NA,NA,NA
Mayotte,MYT,Methane emissions (kt of CO2 equivalent),EN.ATM.METH.KT.CE,NA,NA,NA,NA,NA,NA,NA,NA,NA,NA,NA,NA,NA,NA,NA,NA,NA,NA,NA,NA,NA,NA,NA,NA,NA,NA,NA,NA,NA,NA,NA,NA,NA,NA,NA,NA,NA,NA,NA,NA,NA,NA,NA,NA,NA,NA,NA,NA,NA,NA,NA,NA,NA,NA,NA,NA,NA,NA,NA,NA,NA,NA,NA,NA,NA,NA
North America,NAC,Methane emissions (kt of CO2 equivalent),EN.ATM.METH.KT.CE,NA,NA,NA,NA,NA,NA,NA,NA,NA,NA,33740093.9598,33031035.1611,33266736.45,33490646.136,33389846.7576,33386739.348,33524839.1217,33110100.6396,32846139.8784,34335506.4342,35013235.5606,35030067.4782,34423927.3119,33689787.6873,34618771.2513,34454018.3778,34278772.8561,34632419.3562,35519606.625,36414188.6898,68111083.1897335,46615253.4317684,46605151.6494272,46441177.275072,47280535.8790868,54224948.679441,46177922.5043873,45601656.2732663,45587060.6134171,44435049.3626763,63294781.898283,43384531.9553572,43380753.0707836,43587839.1649578,43415310.9131332,61514242.1806431,43011825.8543347,43119053.9196684,55826538.731189,42154160.5296937,54820583.4912119,41801805.5172103,41891572.2005266,14075736.106515,14454500.3526732,14446518.0039954,14164314.3328567,14477220.9096422,15132224.271084,11332781.4604555,6787078.3072,NA,NA,NA,NA,NA
Namibia,NAM,Methane emissions (kt of CO2 equivalent),EN.ATM.METH.KT.CE,NA,NA,NA,NA,NA,NA,NA,NA,NA,NA,204217.26,180759.3,186184.68,191428.5,203105.46,156562.86,151863.21,176930.22,179979.51,201042,198478.23,163768.14,155693.82,150451.02,143367.12,144261.66,150823.32,157168.74,151463.37,160843.8,389847.795645649,249513.201910824,268083.628184,229887.924686058,234867.565730352,305053.353318646,225398.839260882,227974.043966058,236689.907145354,269207.889308294,470367.469945355,288311.276776766,288602.631836882,304334.376837061,321105.749118058,517078.899660473,309534.442840766,324403.025326237,404420.601667118,335842.201389649,426758.265866939,377436.894382646,393518.735127412,93337.5633588242,86168.2210850605,83979.7497268242,90757.0129328818,90042.3427576484,81924.6081164726,49451.1385514121,42686.237368,NA,NA,NA,NA,NA
New Caledonia,NCL,Methane emissions (kt of CO2 equivalent),EN.ATM.METH.KT.CE,NA,NA,NA,NA,NA,NA,NA,NA,NA,NA,9204.888,9237.12,8904.549,9445.149,8786.892,9109.569,9011.649,8837.48399999999,9376.911,8927.55,8494.61099999999,8690.60400000001,8362.164,10006.506,10198.062,10526.451,10634.112,10874.067,11237.85,10277.571,9253.452,9612.39,9707.012,9506.08400000001,9183.716,9085.276,9147.192,9122.398,9155.104,9200,9178.33400000001,9219.32,9324.522,9366.75,9432.66800000001,9510.178,9550.566,9637.322,9729.966,9542.148,9683.736,9780.57336,9877.41072,NA,NA,NA,NA,NA,NA,NA,NA,NA,NA,NA,NA,NA
Niger,NER,Methane emissions (kt of CO2 equivalent),EN.ATM.METH.KT.CE,NA,NA,NA,NA,NA,NA,NA,NA,NA,NA,264430.41,269535.51,275091.45,194142.21,195275.94,209236.68,223422.84,238874.31,252668.28,258701.07,265199.49,269900.16,280827.42,289825.35,216430.23,194012.16,203802.12,203178.9,209717.61,218882.31,382165.102178121,385411.276568946,405637.270858939,416272.085944588,432849.124299297,458440.443521533,462186.532902236,479617.891825176,496845.949454825,512856.58868294,539890.397758467,529240.691570352,502352.647285879,518204.220945175,532219.067351055,573852.011010352,587962.80651706,612438.777211758,627402.994171758,653381.078,661718.145490352,681926.103743769,705364.846800001,414899.051884473,435965.50093623,454995.585635527,475614.767890352,496041.440065176,518416.143845879,354314.355715527,228634.82728,NA,NA,NA,NA,NA
Nigeria,NGA,Methane emissions (kt of CO2 equivalent),EN.ATM.METH.KT.CE,NA,NA,NA,NA,NA,NA,NA,NA,NA,NA,1795016.4,2103454.2,2386290,2696676,3021637.8,2561607.6,2797752.9,2637337.5,2621542.8,3352342.2,3149999.7,2669997.9,2571598.5,2576224.2,2689051.5,2741234.7,2754163.2,2679483.9,2883983.7,3151856.1,8310651.68080001,5668317.34631719,5922088.87591719,6023799.46504844,5996667.90732422,8046398.2456,6390226.65318594,6219268.61936563,5910351.1216,5695950.56627579,9271954.27780702,6053180.74585508,5664836.40564141,6044944.95932422,6201715.36615156,9626153.84105508,6606699.77633789,7008023.5291793,8517198.75056563,6183840.84218633,8107996.64770351,6541372.7756414,6614080.53503438,2471254.2051793,2505900.85734492,2515607.13406211,2558678.28218633,2609671.25491016,2652440.49557266,1919797.75975156,1208478.1952,NA,NA,NA,NA,NA
Nicaragua,NIC,Methane emissions (kt of CO2 equivalent),EN.ATM.METH.KT.CE,NA,NA,NA,NA,NA,NA,NA,NA,NA,NA,204357,193169.13,194686.38,202629.63,218620.17,227467.14,229727.46,237957.84,238354.62,228012.84,203237.55,204080.07,216718.38,193598.55,210500.46,212003.43,196853.88,184575.12,197584.71,226368.09,509180.994188472,282915.515832,304326.398797061,338517.57428,341737.042855412,400151.139645649,306629.413587118,324609.717376,372434.083241176,356307.367335233,592660.604971706,378038.083307118,384802.928337355,404959.191596473,393071.520839233,630984.876174825,409696.278337176,416472.844804882,539029.610204472,425507.277435118,554091.017360588,447444.938139118,455448.694222824,164162.834348115,171179.443250352,177132.640466121,177241.194430236,173249.957309879,179292.134832588,122237.399881176,76678.458472,NA,NA,NA,NA,NA
Netherlands,NLD,Methane emissions (kt of CO2 equivalent),EN.ATM.METH.KT.CE,NA,NA,NA,NA,NA,NA,NA,NA,NA,NA,1030383.6,1058714.1,1120250.7,1189345.5,1275734.4,1313933.4,1343615.4,1353264.6,1366014.6,1399409.4,1428902.7,1427546.1,1410435.6,1450960.2,1481993.7,1502419.2,1543173.3,1515541.5,1460752.2,1539093.3,3021107.99521789,1998438.44247105,1992864.98126211,1964607.58870518,1923143.57034965,2347024.52241176,1868343.58998824,1783826.50721176,1715669.76581035,1636336.80429623,2426561.7923407,1540101.65665482,1473294.57145482,1415050.39846824,1417532.38174517,2069982.06647105,1316033.27415412,1299377.13833789,1694591.22105482,1281873.94139859,1670792.79964447,1243524.32893091,1211156.38108017,336960.110951055,336006.442311055,340921.8584,339129.96661623,322904.049650352,305440.332531885,202012.318087412,121604.6128,NA,NA,NA,NA,NA
High income: nonOECD,NOC,Methane emissions (kt of CO2 equivalent),EN.ATM.METH.KT.CE,NA,NA,NA,NA,NA,NA,NA,NA,NA,NA,1145004.69782,1174495.05244,1257354.807,1311658.05536,1332804.55338,1347908.70652,1428818.25852,1450587.43792,1466145.8957,1486380.16186,1514566.43558,1495454.03234,1499283.29792,1510085.96298,1529339.36452,1549541.7606,1605271.77152,1639655.31186,1704309.39092,1741308.44384,16061431.59904,1730910.59988,1699593.9851,1660803.73326,1588184.51356,2568313.33022,1564374.9799,1504715.20854,1615774.36122,1509474.6664,14425067.82361,1576554.87602,1614625.29688,1693389.15446,1662892.57658,15731919.64744,1709936.4084,1738062.78326,15083508.54914,1753943.80704,15829462.94238,1837895.52288134,1858131.77678268,NA,NA,NA,NA,NA,NA,NA,NA,NA,NA,NA,NA,NA
Norway,NOR,Methane emissions (kt of CO2 equivalent),EN.ATM.METH.KT.CE,NA,NA,NA,NA,NA,NA,NA,NA,NA,NA,350154.27,346940.25,359441.88,361455.87,364028.31,371044.89,391586.16,405018.54,444585.87,482156.04,519251.4,523555.8,528645.6,548765.1,573301.2,588055.5,597510.9,630207,651963.6,704942.4,1209639.62633541,775518.826534058,796753.524021061,802979.662688588,838303.020258352,1088397.80857347,912480.898476473,916463.055132295,886420.082051118,877347.256005648,1495565.95846535,918518.808342058,936163.816259527,957385.047875528,944658.019697355,1467405.98197171,889078.400913355,913057.326811706,1238302.35680506,898265.953641176,1211833.41674224,873270.884024429,848919.094810864,92385.2156708242,91648.905456,91336.0117875274,90718.1597875273,90023.9485767666,88134.9605020576,57662.5983674121,34742.090072,NA,NA,NA,NA,NA
Nepal,NPL,Methane emissions (kt of CO2 equivalent),EN.ATM.METH.KT.CE,NA,NA,NA,NA,NA,NA,NA,NA,NA,NA,885584.4,900308.1,882488.699999999,920422.5,929877.9,948431.699999999,955168.800000001,965455.5,971973.300000001,970407.6,1000089.6,1003460.7,977715.9,1008774.9,1024131,1023116.1,1002741.6,1030358.1,1037666.4,1029399.3,2111002.55842377,1227597.82954658,1178308.41227706,1237583.43119106,1233031.36743105,1783499.9806193,1306648.16097482,1314322.00346658,1321332.50832894,1348593.61776894,2264047.56720895,1353706.77649482,1369041.41700141,1393057.37170965,1407232.49733342,2340177.80600895,1445347.03459553,1460022.94188141,1922892.02528,1515120.66409176,1965382.64840588,1540423.47770658,1559146.12617176,462303.737617891,468610.376003066,468917.086604473,471707.590139297,484226.595505176,487137.149875527,306180.159748242,189149.37664,NA,NA,NA,NA,NA
Nauru,NRU,Methane emissions (kt of CO2 equivalent),EN.ATM.METH.KT.CE,NA,NA,NA,NA,NA,NA,NA,NA,NA,NA,53.85443,56.00553,58.10273,59.95689,61.78508,63.10171,63.4662700000001,64.1223799999999,65.6139400000001,67.24515,69.15517,71.27148,72.95855,74.66375,75.3767,77.76888,80.42419,83.2657,86.53743,89.85914,115.244352,119.66724,123.422456,127.107704,130.05864,133.113856,135.731552,138.482256,141.47716,144.481744,147.482368,150.36216,153.02152,155.55328,158.15412,160.76728,163.059536,166.202832,169.581536,172.895472,176.478688,177.9183624,179.3580368,38.118576,38.174016,38.228464,38.2876,38.435736,38.484872,38.555008,34.331144,NA,NA,NA,NA,NA
New Zealand,NZL,Methane emissions (kt of CO2 equivalent),EN.ATM.METH.KT.CE,NA,NA,NA,NA,NA,NA,NA,NA,NA,NA,1277743.8,1231216.5,1282502.1,1258552.5,1273225.2,1280064.3,1293456.9,1312862.4,1317324.9,1308517.2,1389454.2,1388842.2,1394732.7,1386904.2,1409135.1,1413383.4,1445987.7,1390132.5,1409272.8,1360868.7,2894916.3118014,1828157.88449176,1808096.54098352,1810934.34388754,1865750.25778351,2416477.41058352,1872147.08912895,1892423.81174824,1851286.73661035,1848624.96531578,2874639.30684754,1860265.69066684,1902777.14905789,1909826.98604754,1913724.80278211,2896940.94857789,1923510.05987859,1911242.96487719,2422063.66138352,1921847.83024281,2464517.7977807,1936271.1031800201,1960776.54330265,639103.537066836,644689.312728945,628114.191816485,627710.774364219,623757.584201406,620961.872897891,423194.253111055,257935.496,NA,NA,NA,NA,NA
High income: OECD,OEC,Methane emissions (kt of CO2 equivalent),EN.ATM.METH.KT.CE,NA,NA,NA,NA,NA,NA,NA,NA,NA,NA,3117067.272,3070421.956,3099361.552,3117424.604,3139008.724,3164181.4,3200776.704,3195190.146,3172090.68,3271610.704,3297083.816,3236546.254,3246868.962,3226223.788,3246081.666,3294088.66,3281794.96,3261363.406,3280127.684,3310519.954,64516613.162,3252333.73,3200460.214,3138564.072,3168549.958,32522757.886,3104240.09,3077151.114,3035710.274,2976999.99,58766846.67,2938118.44,2908955.588,2887489.756,2862076.79,53520357.99,2800557.334,2825605.75,29085257.506,2752800.726,28614223.458,2711179.607311,2673953.62542198,NA,NA,NA,NA,NA,NA,NA,NA,NA,NA,NA,NA,NA
OECD members,OED,Methane emissions (kt of CO2 equivalent),EN.ATM.METH.KT.CE,NA,NA,NA,NA,NA,NA,NA,NA,NA,NA,85113172.476,83947371.608,84758677.756,85282677.482,86143461.802,87008132.38,88132556.782,88060064.763,87832458.18,90615240.412,91617343.7980001,90439435.277,91228092.611,90464783.2539999,90920691.753,92126014.6399999,91836750.5099999,91424283.133,91909457.432,92898603.847,169864087.176647,115145791.422783,113826630.85175,112376013.464854,113184918.001673,129890721.193403,112105295.769388,111499365.508359,110855502.818355,108718690.837051,157574794.551654,108081605.587709,107209938.133523,105942343.220437,105508348.320604,150249156.006668,104320034.477851,105022646.276979,134380682.318511,103122259.859155,134038061.05962,102941693.863181,103642783.767229,31391569.0245714,32017810.035616,31975486.9214415,31398400.3052125,32122598.1211717,32780731.0537695,23174835.0037462,14009365.985584,NA,NA,NA,NA,NA
Oman,OMN,Methane emissions (kt of CO2 equivalent),EN.ATM.METH.KT.CE,NA,NA,NA,NA,NA,NA,NA,NA,NA,NA,233144.97,233512.17,232924.65,235167.12,241653.81,732400.800000001,805443,797303.4,656568.9,585638.1,346426.68,389335.02,331109.34,362949.15,285496.47,209079.09,255164.73,250767.51,285363.36,283210.65,590179.893404882,399598.96537306,422105.883088,450068.499658352,447434.724220703,558044.44068294,498787.916617764,537045.030721533,527582.820085879,569301.355715527,1009146.68050224,768118.772755527,796081.261579297,845726.452611885,842162.775628115,1341301.46635553,905636.197674121,898899.474405878,1219109.05770811,937681.70032,1295841.82331706,998556.875266709,1020588.3904207,262565.860403066,263753.087958594,270711.183603066,284259.977756934,279464.10192,295023.27157623,262949.886044473,158711.0644,NA,NA,NA,NA,NA
Other small states,OSS,Methane emissions (kt of CO2 equivalent),EN.ATM.METH.KT.CE,NA,NA,NA,NA,NA,NA,NA,NA,NA,NA,1258210.77401,1164727.13032,1282226.11704,1454938.7604,1421604.3638,1420484.5946,1456839.5056,1507502.3976,1545721.5665,1601690.3118,1544249.2708,1405871.1571,1438565.2636,1423253.2112,1414954.9233,1408450.9813,1387625.5371,1471495.5182,1421794.9651,1520440.1216,2624205.50194976,2222757.54412849,2412616.63472869,2234663.8413812,2313876.32735474,2487038.46692219,2436194.41843657,2625272.91156799,2852516.81137051,2875026.49949495,3342620.62671725,3158297.04652429,3229966.96899335,3277544.17271525,3500027.27728496,3997558.71020854,3698722.34466865,3865291.5012286,4544779.79352241,4313781.49830236,5255196.55469517,5062491.59671929,5097300.98958266,1553108.28964688,1545629.52479912,1540021.85315655,1534840.05933969,1546522.63511857,1510024.81347978,1056879.27996487,701189.39872,NA,NA,NA,NA,NA
Pakistan,PAK,Methane emissions (kt of CO2 equivalent),EN.ATM.METH.KT.CE,NA,NA,NA,NA,NA,NA,NA,NA,NA,NA,2881653,2880592.2,2906984.7,2967924.6,3066803.4,3172674.3,3241366.2,3377643.3,3508953,3581357.7,3562712.1,3685530.3,3747219.9,3826361.7,3878126.7,3887648.4,4244464.8,4329323.7,4467436.8,4545191.4,8912001.31069367,5670235.53399438,5732910.0146193,5948822.73571297,6034278.0575586,8003668.10231438,6455352.91169508,6606595.28564422,6794861.27403859,7002022.9834193,11449294.4591379,7261127.97172141,7489615.63209789,7870754.65507578,8152411.29304844,13168179.5442137,8712954.71625508,8984767.84829649,12101985.0578965,9469086.2336,12445128.3995379,9682979.33649688,9804245.97317264,2620213.02543438,2693982.71558594,2746360.85620703,2809421.77001406,2883818.17870312,2964048.38030312,2123244.55002734,1355425.8936,NA,NA,NA,NA,NA
Panama,PAN,Methane emissions (kt of CO2 equivalent),EN.ATM.METH.KT.CE,NA,NA,NA,NA,NA,NA,NA,NA,NA,NA,118525.53,124257.93,128152.8,129844.98,133171.71,135386.64,137127.78,136423.47,135818.1,138431.85,135230.07,137560.26,140375.97,139622.19,138871.98,138074.85,137630.13,137253.75,139167.78,140050.59,312420.739467527,208219.954854824,211795.662081176,214879.657468473,218565.777771118,274233.19890106,213650.373022645,200656.652694824,207883.834625853,197484.646878236,301264.615267028,217600.676065853,219399.319940971,219591.423968677,222696.535996383,340692.777558147,230075.950259118,232424.203142645,302527.448347527,239220.240934058,302162.750604882,244558.489273943,247560.225408767,93622.3895354121,92533.933204294,91907.6967970606,93668.0816794121,94253.1307906455,96745.8016050606,64581.0497925879,40378.723912,NA,NA,NA,NA,NA
Peru,PER,Methane emissions (kt of CO2 equivalent),EN.ATM.METH.KT.CE,NA,NA,NA,NA,NA,NA,NA,NA,NA,NA,698919.300000001,679070.1,658777.2,648893.4,667248.3,663979.2,690218.699999999,672256.5,674949.3,691024.5,671511.9,694150.800000001,709318.199999999,695400.300000001,704534.4,685174.8,685501.2,731783.699999999,707211.9,706033.800000001,1509931.21714377,932989.07504,939429.683931758,956973.374583769,981167.495836933,1362299.53314658,1075525.80876141,1097611.35132447,1159030.2193807,1184449.94133342,1900402.86244141,1193048.79908447,1208336.33938965,1233737.11213623,1224716.81244141,1933713.13091553,1292861.41816895,1325781.65030518,1662738.84694824,1377976.49091553,1795136.90091553,1453794.65958211,1469272.91039412,584010.530450352,589529.137013418,591609.027928945,597668.135075781,597552.213288945,601909.551046133,416516.623766133,253438.4932,NA,NA,NA,NA,NA
Philippines,PHL,Methane emissions (kt of CO2 equivalent),EN.ATM.METH.KT.CE,NA,NA,NA,NA,NA,NA,NA,NA,NA,NA,2203745.7,2258616.6,2215822.5,2394985.5,2353767.3,2308729.2,2236227.6,2226287.7,2224880.1,2240934.9,2182412.4,2164419.6,2096441.7,2083814.1,2091387.6,2140597.5,2147094.9,2092259.7,2135997.3,2169264.6,4302755.25237035,2815098.70128,2750973.00759387,2786718.71795859,2945725.02267578,3837197.3771586,3207212.45976895,3203085.89665176,2959321.42827578,3305406.05012141,5160600.2260179,3409008.37048613,3386638.29418965,3424021.24621648,3507886.25747859,5389394.09744,3606666.18389035,3691914.35461316,4843826.53679106,3829801.7195793,4812432.66419859,3796677.26043246,3845497.42621035,1227496.16417176,1231384.64874352,1222652.36675578,1214892.11544613,1259534.66764422,1263849.72206211,844062.949907734,525776.05456,NA,NA,NA,NA,NA
Palau,PLW,Methane emissions (kt of CO2 equivalent),EN.ATM.METH.KT.CE,NA,NA,NA,NA,NA,NA,NA,NA,NA,NA,30.433944,31.731894,33.084567,34.450092,35.769768,37.000041,37.526106,37.937166,38.330325,38.86251,39.649287,41.816532,44.292582,46.975641,49.6834860000001,52.26939,53.5194,54.55725,55.50483,56.54268,205.73438710593,269.12005910593,272.69110310593,276.36979510593,280.04157910593,283.62228310593,287.83843110593,291.96541110593,395.978230211861,399.863178211861,403.610658211861,406.137786211861,408.504914211861,410.760262211861,412.959030211861,415.143458211861,416.681414211861,418.217530211861,419.788606211861,421.336682211861,422.885218211861,424.665174811861,426.446131411861,365.021694211861,366.188006211861,367.355310211861,369.031334211861,370.708350211861,372.384374211861,254.060390211861,156.210416,NA,NA,NA,NA,NA
Papua New Guinea,PNG,Methane emissions (kt of CO2 equivalent),EN.ATM.METH.KT.CE,NA,NA,NA,NA,NA,NA,NA,NA,NA,NA,48324.183,42582.858,111048.42,60848.61,47921.946,49412.268,73250.28,126186.75,67979.94,98976.2100000001,100053.84,97831.7700000001,403395.21,167005.62,93753.81,93954.2400000001,154467.78,248389.38,85920.72,95432.22,174116.051417764,327959.056694236,320875.211809943,234490.997925648,354684.246956882,257118.310072588,233795.951356294,775572.503174236,256222.158526057,210870.451733648,234314.373933061,219077.134974824,224075.053948473,204313.178211118,221910.00926106,206889.159057764,210204.818757061,202391.958897764,210865.85974147,216946.408593176,216781.395445061,234620.017434352,253059.533355527,171156.412513764,189369.367282352,207513.638167412,205899.893148115,206987.944851885,209305.948154121,140954.612146709,86837.93736,NA,NA,NA,NA,NA
Poland,POL,Methane emissions (kt of CO2 equivalent),EN.ATM.METH.KT.CE,NA,NA,NA,NA,NA,NA,NA,NA,NA,NA,4955858.7,5103417,5297676,5525697,5751372,5982351,6139992,6276978,6460119,6612303,6379335,5622291,6203385,6869241,6902952,6973995,6864804,6899229,6771270,6391014,9819912.95253034,5663231.50157649,5497809.72733036,4889280.45659578,4896466.11646211,6319199.00645317,4467439.51038824,4429006.26349035,4018396.90843246,3864033.44536,6739379.76259859,4086625.94917035,4038267.78156754,4034175.29741316,3947157.9977807,6436212.41224894,3959816.05075859,3812179.34653035,4979104.64895387,3720559.03675578,4979132.88528281,3700686.33757025,3685238.09812191,689234.985116934,676377.399078594,673429.330044473,658681.207265175,665932.139146582,674123.524314121,382580.31536,236323.0548,NA,NA,NA,NA,NA
Pre-demographic dividend,PRE,Methane emissions (kt of CO2 equivalent),EN.ATM.METH.KT.CE,NA,NA,NA,NA,NA,NA,NA,NA,NA,NA,22851957.7209,17369889.1072,18055969.526,19474281.1459,17568048.4294,19151791.1984,18863268.4331,20684362.8215,20501398.5414,25033219.3818,23767966.3669,20420159.1825,22528790.1965,22062007.0335,19733730.5697,19552121.904,19605094.53,22738459.016,19546630.719,21607751.431,32533299.5367247,28550147.5962813,35036403.8233242,29234314.0744979,30981913.2898903,32358543.3429902,31505635.1557479,31605812.4356322,32520509.1755051,32026280.7524165,34076997.1045265,34160246.1646925,33544677.7438253,33900909.6085808,35133197.6364342,36238367.826346,41810146.9760901,52219949.4119044,43736429.2791879,43404728.1326073,44219849.1803967,44129207.5204795,45286004.4802423,14175123.1877216,14504780.037864,14948986.5597744,15404180.8013289,15471958.8782598,15751409.6103401,10792189.4099256,6601736.322752,NA,NA,NA,NA,NA
Puerto Rico,PRI,Methane emissions (kt of CO2 equivalent),EN.ATM.METH.KT.CE,NA,NA,NA,NA,NA,NA,NA,NA,NA,NA,65150.97,66029.19,67164.96,68374.17,68066.64,68969.3399999999,71117.97,72970.8,73400.22,72369.51,70599.81,72646.95,76562.22,80005.23,82077.87,83740.98,85760.0700000001,82797.99,86578.6199999999,90145.56,83885.6,86204.92,78702.32,81415.86,84231.5199999999,83808.32,86416.06,89748.76,91879.4800000001,93781.5799999999,96633.12,98515.8999999999,100221.12,102136.1,101446.56,102163.7,102431.42,103226.76,104064.42,106361.66,108504.8,109589.848,110674.896,NA,NA,NA,NA,NA,NA,NA,NA,NA,NA,NA,NA,NA
Dem. People's Rep. Korea,PRK,Methane emissions (kt of CO2 equivalent),EN.ATM.METH.KT.CE,NA,NA,NA,NA,NA,NA,NA,NA,NA,NA,765331.5,740831.1,760879.199999999,809523,791418,808650.9,837853.5,899201.4,1007627.4,1028527.2,1071994.5,1094842.5,1108036.2,1200499.2,1160836.5,1179757.5,1180792.8,1196424.3,1154951.1,1099345.8,2270991.47640307,1443948.60488307,1416019.63946658,1331079.3064207,1262362.55520588,1515833.23254518,1155258.99034658,1126435.02998824,1038684.00031105,1062391.19239412,1694012.37829188,1088109.56505329,1077253.72861035,1092205.97632894,1115325.92984588,1775758.63023106,1177673.74344588,1121437.79688588,1519414.47735412,1163853.26079412,1534267.93209789,1192671.31759693,1205489.83516141,333288.973594121,335309.083431055,334060.704337891,336521.218165879,345122.85733623,345638.276891758,235084.552094824,145163.85104,NA,NA,NA,NA,NA
Portugal,PRT,Methane emissions (kt of CO2 equivalent),EN.ATM.METH.KT.CE,NA,NA,NA,NA,NA,NA,NA,NA,NA,NA,343264.17,340199.58,346204.83,353593.71,344378.52,346184.43,339998.13,364462.32,385265.22,392872.89,408736.44,419346.99,423399.96,427517.7,423511.14,433394.94,449893.44,456370.44,465972.719999999,489936.6,1029215.39029035,674407.080481533,680153.750247413,685597.129271055,702920.795521533,896833.319994121,724876.858131885,745846.560568945,775850.442524473,781846.065694824,1231097.89544588,807891.936874122,819133.13559412,841188.064037061,822182.779045879,1294501.07930812,833702.78516294,833678.663380703,1073630.03212447,810301.777339297,1039558.91757776,818779.05187381,818533.975817975,217800.145608945,217406.874312588,218007.121004473,216952.051441533,219469.140859297,215692.010814824,148248.261605879,91065.67904,NA,NA,NA,NA,NA
Paraguay,PRY,Methane emissions (kt of CO2 equivalent),EN.ATM.METH.KT.CE,NA,NA,NA,NA,NA,NA,NA,NA,NA,NA,517395,425001.36,485601.6,454989.87,483999.18,534485.1,612448.8,547122.9,598454.4,606165.6,627345.9,628575,666289.5,685113.6,629865.3,668492.7,697180.199999999,775934.4,735598.5,744396,1594028.46969482,978671.269573418,1023724.4958607,1114874.77940141,1053429.54294211,1407382.4328207,1152664.31996141,1162523.1122993,1079252.86852447,1255020.07749623,1677143.81288588,1235539.22065176,1150528.83086824,1165285.54199106,1104046.08983693,1726073.40218965,1092317.74785482,1112342.66634658,1381053.52865482,1159086.57378965,1523643.75884447,1237906.99916447,1268324.81253623,530739.70685623,556933.080903769,552075.238308242,549732.700613418,562621.192918594,542668.216974824,379138.409585176,240852.3512,NA,NA,NA,NA,NA
West Bank and Gaza,PSE,Methane emissions (kt of CO2 equivalent),EN.ATM.METH.KT.CE,NA,NA,NA,NA,NA,NA,NA,NA,NA,NA,NA,NA,NA,NA,NA,NA,NA,NA,NA,NA,NA,NA,NA,NA,NA,NA,NA,NA,NA,NA,NA,NA,NA,NA,NA,NA,NA,NA,NA,NA,NA,NA,NA,NA,NA,NA,NA,NA,NA,NA,NA,NA,NA,NA,NA,NA,NA,NA,NA,NA,NA,NA,NA,NA,NA,NA
Pacific island small states,PSS,Methane emissions (kt of CO2 equivalent),EN.ATM.METH.KT.CE,NA,NA,NA,NA,NA,NA,NA,NA,NA,NA,117204.000824,116135.976594,117496.616537,120580.602402,116998.795028,126202.312111,125158.229056,132077.733866,138945.007045,138725.51985,140768.350267,147479.122602,153576.909032,147174.776231,150553.262276,156080.88042,159278.25172,162434.65528,168071.18046,167507.50355,173568.703348349,150717.580615681,133057.470352647,141743.894755443,149322.257551896,153978.285520223,155844.907797681,156757.739503131,154300.49107009,151542.578501519,155713.608657938,156341.586855102,155179.054857124,155543.923278977,156242.398245746,156397.997869452,156778.139310514,157935.659566842,158298.538826966,157299.025099904,159953.631346966,159285.445650191,163831.713450406,41583.9333769123,37018.5735061328,34850.5146479635,34554.4823876695,35412.0942895002,35967.2980292063,23671.6567195337,13894.731632,NA,NA,NA,NA,NA
Post-demographic dividend,PST,Methane emissions (kt of CO2 equivalent),EN.ATM.METH.KT.CE,NA,NA,NA,NA,NA,NA,NA,NA,NA,NA,76159629.7514,74932157.0503,75555426.1864,75944951.0749,76396947.0132,76920428.0554,77758448.0611,77582797.7866,77005221.4982,79415135.9165,80353432.6723001,79705968.0222,79577170.4093,78526084.8984,79099456.9492,80360074.8418,80234324.3543,79804301.2269,80449560.7978,81766779.9154001,107231549.003436,104623894.696429,103156536.66597,101605976.201952,101877375.965346,100526706.781026,99875562.1235428,98716622.4475216,97458683.8066524,96043150.423034,96601317.043356,94267634.2519227,93194076.4122851,91751554.4110242,91072072.2529047,89231624.6996553,89101051.3636773,89565838.414252,88490231.8046621,87239065.0257353,88273674.9965917,86959899.40638,87460036.9851552,27109397.7792991,27492235.8418966,27329751.4217457,26669879.5717667,27337258.5279272,27868038.9592875,19735745.1217318,11858380.907224,NA,NA,NA,NA,NA
French Polynesia,PYF,Methane emissions (kt of CO2 equivalent),EN.ATM.METH.KT.CE,NA,NA,NA,NA,NA,NA,NA,NA,NA,NA,2033.365,2076.695,2090.915,2103.445,2113.025,2178.03,2230.28,2289.575,2360.53,2417.58,2548.205,2827.765,2842.7,2845.815,2991.79,3224.43,3298.575,3287.32,3388.95,3491.43,3180.753,3337.4334,3444.043,3533.3428,3564.057,3577.7926,3595.107,3571.555,3669.696,3756.1116,3871.5026,3876.0382,3863.5906,3949.5554,3950.6594,4055.1208,4095.2282,4190.1676,4286.3444,4377.912,4467.2532,4511.925732,4556.598264,NA,NA,NA,NA,NA,NA,NA,NA,NA,NA,NA,NA,NA
Qatar,QAT,Methane emissions (kt of CO2 equivalent),EN.ATM.METH.KT.CE,NA,NA,NA,NA,NA,NA,NA,NA,NA,NA,243575.49,290804.04,344098.02,381634.53,326169.48,293645.76,293419.32,255746.13,287974.05,261555.03,215456.64,165808.65,166458.39,143725.65,215149.11,192948.81,203350.77,201759.06,208930.17,221539.41,386765.606680588,270246.569251118,281879.845622735,296980.802146939,310407.679793764,377440.221135233,355452.225918236,520439.588150645,563603.235467706,678284.845708115,1150814.16119412,766871.54335706006,803914.702660703,880146.67707706,1017572.05562965,1591356.59518671,1166189.7895407,1328907.88954224,2103962.35106965,1723958.89313482,2940766.55328895,2232064.13040895,2276128.84775412,397742.098874121,389706.728796934,392307.103001406,399409.079288945,400412.01168,402642.890408945,353002.965851758,245667.12336,NA,NA,NA,NA,NA
Reunion,REU,Methane emissions (kt of CO2 equivalent),EN.ATM.METH.KT.CE,NA,NA,NA,NA,NA,NA,NA,NA,NA,NA,NA,NA,NA,NA,NA,NA,NA,NA,NA,NA,NA,NA,NA,NA,NA,NA,NA,NA,NA,NA,NA,NA,NA,NA,NA,NA,NA,NA,NA,NA,NA,NA,NA,NA,NA,NA,NA,NA,NA,NA,NA,NA,NA,NA,NA,NA,NA,NA,NA,NA,NA,NA,NA,NA,NA,NA
Romania,ROU,Methane emissions (kt of CO2 equivalent),EN.ATM.METH.KT.CE,NA,NA,NA,NA,NA,NA,NA,NA,NA,NA,32424.7,33208.1,34016.9,35119.7,35710,36425.5,37472.1,38718.3,39142.4,39592.9,39925.5,40733.3,40763.2,49159.8,42498.9,43071.1,42195.5,41980.9,42059.9,40031.1,37405.8,32940.9,29566.8,27374.6,28949.9,28410.1,29276.9,27504.5,26116.1,25227.6,25139.3,24394.5,24304.8,25769.8,26139.9,25976.9,26509,26679.1,26832.3,26244.8,26116,25976.241953545,25707.7339070901,NA,NA,NA,NA,NA,NA,NA,NA,NA,NA,NA,NA,NA
Romania,ROU,Methane emissions (kt of CO2 equivalent),EN.ATM.METH.KT.CE,NA,NA,NA,NA,NA,NA,NA,NA,NA,NA,1621235,1660405,1700845,1755985,1785500,1821275,1873605,1935915,1957120,1979645,1996275,2036665,2038160,2457990,2124945,2153555,2109775,2099045,2102995,2001555,3857833.24139553,2103316.89690965,1890407.25215105,1745113.35142824,1816265.2315793,2317194.04407412,1822431.7712207,1727007.45686518,1638197.00899553,1587399.87513482,2537223.40628141,1551582.08527412,1538224.81963553,1609564.35202658,1620875.59608307,2507183.80905482,1627591.35270211,1626390.97978658,2141294.33965342,1590624.59241789,2072856.01332141,1534996.46530691,1531041.18804698,375635.777697891,376184.447742109,374867.436423769,369277.130465176,367168.39469623,361854.40717623,216910.228355527,131671.68984,NA,NA,NA,NA,NA
Russia,RUS,Methane emissions (kt of CO2 equivalent),EN.ATM.METH.KT.CE,NA,NA,NA,NA,NA,NA,NA,NA,NA,NA,17263296,17544255,18703485,18845265,19395300,20151069,20988081,21469572,22141905,22784964,23501259,24180579,25112961,25745871,26803611,27580392,28681941,29472849,30606528,31191447,67172221.4409938,41107937.4337375,39003772.4377656,37292350.9286344,34828267.441875,42461781.8535438,32986503.3351438,30812536.8665375,32868606.9612969,30915402.0336281,49375629.4758343,32066407.8115594,33222243.0884688,34885906.1200562,34079644.2405781,53145940.7080282,34777091.6721656,35336780.4972687,45379525.4337656,35184740.388,46926852.7855719,37266718.3526562,37542453.9818906,12470593.1667594,12503766.3628969,12614895.7718344,12911093.0019594,13071961.8866219,13390671.3852687,8389360.92157188,4937818.396,NA,NA,NA,NA,NA
Rwanda,RWA,Methane emissions (kt of CO2 equivalent),EN.ATM.METH.KT.CE,NA,NA,NA,NA,NA,NA,NA,NA,NA,NA,66388.2300000001,66102.63,66789.0899999999,68673.54,67445.46,68994.33,68587.35,70464.6600000001,73030.47,70775.25,72217.02,72885.12,75362.19,77364.45,77557.23,80692.7100000001,80324.49,81164.4600000001,80887.53,85795.77,102724.773347073,98986.5172627795,99822.3083692205,95573.8352753897,92238.091219706,102065.635230779,104692.633866441,116248.324139706,125313.74973722,133739.022258441,128896.567522169,130888.165553265,135267.191005514,147206.380362441,156185.118509559,150473.812771118,159458.204408588,163060.473367412,167430.669680633,169624.274268882,177398.095067118,176606.763254192,177833.496498486,43028.3600283386,43056.7620264856,48056.9069563387,45772.7432954121,46005.9955692651,47435.8411372205,30574.1643729265,21447.397712,NA,NA,NA,NA,NA
South Asia,SAS,Methane emissions (kt of CO2 equivalent),EN.ATM.METH.KT.CE,NA,NA,NA,NA,NA,NA,NA,NA,NA,NA,29867426.4018,29784820.7889,29805752.2701,30287996.7135,30612781.0335,31307715.6423,31303678.008,31938774.9645,32408838.7005,32624209.5636,32852887.4589,33500524.8666,33591520.5405,34156247.4369,34764751.1115,34945636.7997,35955511.0455,36160069.011,37442618.4696,38194226.4765,75133867.3103707,46741097.3650859,46984937.1658138,47523680.2754927,48049793.7706141,63820022.5819205,49447862.8876969,49934715.6461343,50281507.3868313,51709683.6843241,83564170.4368175,51864466.5674858,52071160.087167,53159171.0320417,53602497.9525722,86133677.2980679,55493935.6825825,56525953.1129935,74409442.206728,58506200.8380546,77375601.2355998,59847434.6525423,61368705.159935,17862041.1639491,18051748.9452614,18228999.939306,18392536.8350937,18577031.5416266,18829623.1071269,12774639.3302886,8038555.783128,NA,NA,NA,NA,NA
Saudi Arabia,SAU,Methane emissions (kt of CO2 equivalent),EN.ATM.METH.KT.CE,NA,NA,NA,NA,NA,NA,NA,NA,NA,NA,1618729.8,1919966.4,2496801.9,3337623.6,3526619.4,2793122.1,3485095.2,3573085.5,3227208.6,3471360.9,3879779.1,3202407.3,2587337.1,2121661.2,1400429.4,1197021,1444141.5,1357890.3,1588655.1,1655526.3,3563919.42366211,2797899.03389649,2909450.89122071,2889271.26511718,2931421.39755859,3761312.76732422,3022449.86023437,3096030.3787793,3149101.44779297,3022965.64657227,5012253.92732422,3216825.12982773,3298546.94768281,3595528.10010633,3693515.72552,5811545.63947859,3954455.57400281,3932641.39372422,5171829.49895156,4014024.20623156,5346924.8768593,4347008.82123297,4416314.81901438,1527476.99931578,1544123.4632207,1590955.52004141,1656390.05570352,1639165.51305508,1679260.48580703,1389820.8256,821044.0984,NA,NA,NA,NA,NA
Sudan,SDN,Methane emissions (kt of CO2 equivalent),EN.ATM.METH.KT.CE,NA,NA,NA,NA,NA,NA,NA,NA,NA,NA,1619357.1,1612079.4,1616047.2,1759449,1561727.1,1676961.6,1723366.5,1871766.3,1747754.7,1900326.3,2190756,2047532.7,2265200.7,2181321,2198288.7,2103357.3,2040759.9,2081886.3,2011873.5,2132172.3,4375808.7345214,2495982.14772447,2837388.19487106,2914113.96032,3068200.11063719,4103849.68020754,3291685.00904,3408929.46964141,3485622.12256895,3719709.9906193,6215365.93305176,3850534.29384613,3993151.46433789,3981267.61429035,4024201.41789316,6701712.05965316,4891795.76349929,6741087.65336,7549666.10614824,5686441.40469035,7128310.04626965,5418039.96183719,5482673.15060422,1049150.24020754,1053093.27334211,1065573.34182824,1060323.00435578,1060987.77359719,1068509.02466965,718584.816352461,447099.16888,NA,NA,NA,NA,NA
Senegal,SEN,Methane emissions (kt of CO2 equivalent),EN.ATM.METH.KT.CE,NA,NA,NA,NA,NA,NA,NA,NA,NA,NA,234863.16,235955.07,223691.1,220809.09,215894.73,223497.81,227425.83,235442.01,236520.66,236954.67,237417.24,231632.82,242037.84,229491.33,232796.64,239361.36,251275.98,264353.4,262627.05,273158.55,596460.536934646,381055.244172473,396841.648393943,403780.543454824,413793.501684473,540734.95905853,439156.875057176,446230.249453649,451754.052986352,483716.435450939,749240.500000001,490339.398859527,481393.739193176,469572.963060882,499553.989707885,777281.367482939,524989.597918825,555048.682346709,766391.706308473,603193.171025176,814703.712139528,638346.781824946,639902.903790824,188844.814853879,189226.142893879,191852.32736,202428.302066709,206170.821045879,206191.995062236,147500.423431055,94102.1876,NA,NA,NA,NA,NA
Singapore,SGP,Methane emissions (kt of CO2 equivalent),EN.ATM.METH.KT.CE,NA,NA,NA,NA,NA,NA,NA,NA,NA,NA,33565.293,33257.814,35576.121,38124.999,37475.769,36342.447,37632.747,40757.568,41109.06,41520.732,42843.213,44282.739,44533.2,46775.466,44665.8,43034.004,43968.987,44884.896,44400.498,44996.229,103914.851389559,75175.7836794121,82416.0412473674,89381.1313464856,96115.4608762939,125050.285975412,103193.239851661,104319.149251073,103681.515650486,105095.299526735,169878.040926147,121098.879177221,136256.544466441,138998.774316971,143132.325091029,221341.704941559,151705.440264588,156450.079625764,205227.505995118,162643.373364294,211935.868687323,171242.144281265,174955.364828882,67870.0948228242,70524.4441784409,73188.6475723833,75097.7881045879,77082.7046911182,78868.1572614697,55261.627848,34781.206808,NA,NA,NA,NA,NA
Solomon Islands,SLB,Methane emissions (kt of CO2 equivalent),EN.ATM.METH.KT.CE,NA,NA,NA,NA,NA,NA,NA,NA,NA,NA,83190.1799999999,81874.38,82854.0899999999,84636.5399999999,79458,86737.23,85539.2400000001,91344.06,98241.81,96049.83,97535.4600000001,103127.61,108358.68,102666.06,104285.31,108081.24,109105.83,110790.36,115436.46,114121.68,98381.3411177738,76166.2606112316,56622.7071126893,61660.1085846893,66761.3670185424,69527.6634985423,71013.263936,72103.914344,69894.2947218531,67831.2622189153,69537.7446349153,71517.7053087684,71862.9740207683,72319.4016946214,72608.2274876837,72338.8961535368,72309.3024975367,72138.7227953897,72097.962220452,72155.9535183051,71911.8408623051,72724.8880481581,73548.7823452204,7058.05633107349,7126.65015507348,7291.89394092651,7452.88078277954,7616.04375184186,7679.85263984186,5323.22148969488,3328.024384,NA,NA,NA,NA,NA
Sierra Leone,SLE,Methane emissions (kt of CO2 equivalent),EN.ATM.METH.KT.CE,NA,NA,NA,NA,NA,NA,NA,NA,NA,NA,130271.85,132895.8,131300.52,134911.83,127251.63,131156.7,135663.57,143614.47,138640.95,138021.3,149107.17,138023.34,144675.27,136942.14,129253.89,127850.88,129051.42,132795.84,133075.32,138615.45,183445.521768677,164609.272916971,170094.496980971,170336.971739617,164531.265048677,170362.804464,160978.228195073,167874.318860927,166689.030763661,149371.019532882,147373.964912633,168042.585443706,164078.168909559,174324.882764882,182973.271086147,173814.36693347,233069.67437053,284619.379646824,271566.286037559,243321.014390147,212884.547895323,219336.889268882,230733.382459706,74697.0116516167,78951.4195859424,77109.9077789394,80893.9197365879,79898.7696017637,83320.9856275273,46952.2024325879,28728.750848,NA,NA,NA,NA,NA
El Salvador,SLV,Methane emissions (kt of CO2 equivalent),EN.ATM.METH.KT.CE,NA,NA,NA,NA,NA,NA,NA,NA,NA,NA,111946,106853,110237.5,104696.5,108832,111862,117455.5,127974.5,133684.5,137593,127279.5,120760.5,112949.5,112422,114668,119082.5,119802.5,123254,125601,129006.5,284994.531826441,191526.291591412,196065.80839453,192238.664655412,198184.38222147,242980.655512,205318.844452971,199268.929050441,191650.760686236,202636.750084971,301931.221529853,209322.662262824,223509.417415412,216395.525499706,219725.653156383,335935.881812882,226461.638307118,223346.188953764,285565.770685061,218216.186857764,272022.30636,210723.142636882,215307.294044383,69283.199873853,73479.9508744409,72893.1648368818,70677.3419908242,69856.0288314121,68035.756672,43585.122436294,26155.964048,NA,NA,NA,NA,NA
San Marino,SMR,Methane emissions (kt of CO2 equivalent),EN.ATM.METH.KT.CE,NA,NA,NA,NA,NA,NA,NA,NA,NA,NA,NA,NA,NA,NA,NA,NA,NA,NA,NA,NA,NA,NA,NA,NA,NA,NA,NA,NA,NA,NA,NA,NA,NA,NA,NA,NA,NA,NA,NA,NA,NA,NA,NA,NA,NA,NA,NA,NA,NA,NA,NA,NA,NA,NA,NA,NA,NA,NA,NA,NA,NA,NA,NA,NA,NA,NA
Somalia,SOM,Methane emissions (kt of CO2 equivalent),EN.ATM.METH.KT.CE,NA,NA,NA,NA,NA,NA,NA,NA,NA,NA,486619.05,486643.530000001,495829.14,490198.74,493148.07,523923,525315.3,555481.8,594481.5,594420.3,592426.2,611908.2,627952.8,615534.3,625652.7,647246.1,653748.6,680013.6,710363.699999999,710516.699999999,928214.337659297,845144.400145176,795916.791177764,862576.56305329106,926227.013170351,950467.445351055,972211.624678594,993994.528968945,1004661.78814211,1022332.45724447,1033906.32206518,1052806.89962658,1068398.63283553,1080112.25551412,1088218.69368588,1092266.00384307,1078774.78286211,1066805.99272588,1069767.06564141,1068349.91184307,1074312.62628447,1084230.43543693,1095744.74765035,351728.253309648,354154.165626582,355502.353285879,355616.236148242,353864.539691758,354028.39621623,239064.819688945,150016.45896,NA,NA,NA,NA,NA
Serbia,SRB,Methane emissions (kt of CO2 equivalent),EN.ATM.METH.KT.CE,NA,NA,NA,NA,NA,NA,NA,NA,NA,NA,NA,NA,NA,NA,NA,NA,NA,NA,NA,NA,NA,NA,NA,NA,NA,NA,NA,NA,NA,NA,1231698.91821776,281139.907765879,259808.835228115,260430.971715527,257793.390582236,351037.084740703,265692.157767412,265513.066007412,265231.865367412,253955.574721533,877639.846174825,230456.77675706,226449.21032,223247.321490352,220593.28603706,770822.763490351,211503.887629648,215041.229091885,651400.933373292,212650.764988115,640413.637285879,213762.580321533,215852.83892294,217167.793026709,222248.902013291,224678.788711055,223241.63131706,223776.365528945,223127.750961533,149999.377687412,93878.44312,NA,NA,NA,NA,NA
Sub-Saharan Africa,SSA,Methane emissions (kt of CO2 equivalent),EN.ATM.METH.KT.CE,NA,NA,NA,NA,NA,NA,NA,NA,NA,NA,26949398.5617,20927502.6567,21793776.2673,23351872.7101,21252667.9996,22906368.8393,22480491.9089,24774348.7318,24496833.3336,29228895.3891,28226471.2734,25220258.8012,27647185.9831,27221053.0567,24764579.9593,24566201.8313,24620799.8271,27984954.2606,24520657.0244,26912065.8335,55278192.9398324,36392034.3303854,43518869.8157038,36881246.3353698,38799696.9163105,46464041.3154626,39695404.1689214,39651009.9013747,40498649.4362752,39860010.1304729,57439287.4264838,42198015.0279262,41954979.2403541,42434664.1752732,43535272.9359475,60349599.0768003,50971504.1555268,62217430.1513272,64966336.1880112,53150130.2256595,65249661.5763339,53910228.4862458,55016830.8921196,16038163.1309167,16273516.5145624,16604691.7112476,16951022.2374695,17088027.2973496,17319937.1909296,11784633.6802703,7458854.608304,NA,NA,NA,NA,NA
South Sudan,SSD,Methane emissions (kt of CO2 equivalent),EN.ATM.METH.KT.CE,NA,NA,NA,NA,NA,NA,NA,NA,NA,NA,NA,NA,NA,NA,NA,NA,NA,NA,NA,NA,NA,NA,NA,NA,NA,NA,NA,NA,NA,NA,283815.574008945,292844.736312588,319196.939170352,342271.81602377,361794.970370352,370349.491342109,417446.575804473,463832.613380703,517995.501466582,563970.187931758,620034.466503516,623400.176444219,672345.180349648,714128.547001406,751861.635730352,796578.415771758,806500.150962813,850272.403271055,873641.1996,905105.708189648,913573.773896485,846715.902613164,626536.240417891,612185.902643066,611249.078530352,594915.432666582,604861.57256,588472.59733623,625484.300281406,382896.580785176,259087.36312,NA,NA,NA,NA,NA
Sub-Saharan Africa (all income levels),SSF,Methane emissions (kt of CO2 equivalent),EN.ATM.METH.KT.CE,NA,NA,NA,NA,NA,NA,NA,NA,NA,NA,26951523.93919,20929688.46938,21796034.98186,23354156.2779,21254949.6843,22908594.4923,22482805.9116,24776694.2391,24499148.868,29231293.8342,28228911.8709,25222726.5405,27649699.4751,27223570.4133,24767135.0388,24568875.9456,24623574.0576,27987779.6022,24523582.4835,26915035.8561,54983747.0227229,36396388.5723121,43523592.9296664,36886319.2368684,38805122.8193451,46130639.5670332,39701172.652352,39657645.0506719,40505841.1359324,39867465.5899901,56979735.711761,42206988.4865074,41963415.6281314,42443396.6647381,43545088.0496084,60936986.0156571,50981720.7266677,62228002.658144,64977034.7522121,53161031.0706363,65260913.2894947,53921562.0307566,55028334.7624499,16039846.294371,16275210.2429047,16606395.6664779,16952735.7841479,17089750.4164679,17321670.0584959,11785836.0222766,7459612.177736,NA,NA,NA,NA,NA
Small states,SST,Methane emissions (kt of CO2 equivalent),EN.ATM.METH.KT.CE,NA,NA,NA,NA,NA,NA,NA,NA,NA,NA,1674176.630426,1552851.171206,1673184.932483,1855555.461698,1841443.372232,1868385.211609,1901316.236764,1963327.147174,2014479.621035,2059460.63205,2023572.517373,1882530.350898,1953399.907628,1929632.207429,1929011.078284,1931749.63012,1920707.28412,2019518.31018,1965104.02096,2054722.69315,3607731.16555376,3073412.25920784,3270885.2909164,3085516.19477503,3141323.28745119,3347641.92980098,3262586.92132446,3425779.99327976,3760165.65646145,3661006.81394387,4356905.58509769,3991715.39895867,4103296.33586465,4281970.82746049,4563193.06396881,5387268.21546028,4884665.65923556,5082779.50801347,6057830.42813189,6159287.1966913,6897432.54891309,6395024.7165511,6463139.00160513,1893104.00946234,1882748.65622323,1869979.3960808,1848144.84913228,1864487.68251979,1829047.11383431,1302268.76878126,847649.122696,NA,NA,NA,NA,NA
Sao Tome and Principe,STP,Methane emissions (kt of CO2 equivalent),EN.ATM.METH.KT.CE,NA,NA,NA,NA,NA,NA,NA,NA,NA,NA,889.1034,894.794999999999,891.0006,920.483700000001,926.369099999999,949.349699999999,983.315700000001,1000.161,1024.8042,1040.9202,1061.7588,1144.5522,1144.6848,1192.1811,1237.6731,1264.2186,1300.449,1339.3314,1381.1157,1416.3006,1672.95428710593,1713.99038310593,1753.39968710593,1780.31479110593,1831.84948710593,1868.96259110593,1903.28484710593,1941.59511110593,1971.34396710593,2008.83342310593,2063.60448710593,2036.19991110593,2082.26432710593,2131.60995110593,2164.62517510593,2141.54879910593,2171.73060710593,2210.57541510593,2247.22122310593,2290.49663110593,2326.28283910593,2346.75471710593,2370.23860310593,248.87120710593,311.39592710593,311.95764710593,315.45455110593,319.08145510593,319.64336710593,140.80327110593,92.769176,NA,NA,NA,NA,NA
Suriname,SUR,Methane emissions (kt of CO2 equivalent),EN.ATM.METH.KT.CE,NA,NA,NA,NA,NA,NA,NA,NA,NA,NA,48009.666,38846.139,41449.179,41260.479,41864.217,46025.307,50036.661,43474.542,50847.765,54126.3,58336.86,57620.3099999999,59419.08,59581.7699999999,53330.7,54251.25,55914.87,59512.92,53243.49,53363.85,61589.6142517061,62439.5914873675,68896.9134163163,66393.9296329041,56526.4035443163,62897.049694147,61290.913897853,57835.0102842939,54459.402488,48652.8286455591,49437.922001853,53007.4190972651,54250.0716027572,51670.304784,63597.9820701469,48649.6052704632,46368.778592,47190.0507895591,48475.3602652204,55607.330443706,56776.4896332651,57811.8079495144,57809.5269796613,25654.0152553674,26422.2642147795,26165.6203649265,26579.7997926326,26353.8973427796,25902.9449692204,18345.3992523386,11325.372936,NA,NA,NA,NA,NA
Slovak Republic,SVK,Methane emissions (kt of CO2 equivalent),EN.ATM.METH.KT.CE,NA,NA,NA,NA,NA,NA,NA,NA,NA,NA,233296.95,238336.26,245313.57,251946.12,256598.85,265135.74,267512.85,276113.49,288895.62,292711.95,289313.82,294751.95,303799.86,312300.54,319319.16,319607.31,318244.08,320120.88,326355.63,329794.56,695058.704302646,422132.762086236,389268.402008588,355308.777812294,325982.865734824,414987.789325648,324036.816112588,322739.937819118,309198.558628473,303472.038143233,480464.173720588,310433.965518824,306669.76927453,297147.335624,287609.746372473,434358.060603118,277211.539865764,273897.972143233,350380.154121176,271469.050433355,345756.594495233,276150.659370285,267131.6839531,82872.1545346455,78296.6991348242,80394.5065248819,81750.551875706,81496.6998835274,81453.317976,57346.4413816485,35282.415008,NA,NA,NA,NA,NA
Slovenia,SVN,Methane emissions (kt of CO2 equivalent),EN.ATM.METH.KT.CE,NA,NA,NA,NA,NA,NA,NA,NA,NA,NA,107028.6,109610.22,110539.95,115122.81,122025.66,129203.91,129275.31,131377.53,132569.91,133848.48,132145.08,137453.67,140816.1,142798.47,145948.74,146145.6,144921.09,146636.73,145662.63,143847.03,296599.909068882,181844.28098947,169149.317422236,168212.20626947,161617.344390236,210932.015577764,165960.758697176,171590.321601764,168750.025940383,165493.241181559,277521.126983323,177840.918593853,181070.839404882,181988.953068294,179528.485727323,280836.444185176,178214.83145053,177605.591782824,229647.790303412,171124.744662192,226779.820598192,169148.964845372,166539.720740994,35865.6033298084,34082.010678147,34801.2459335591,35518.9933311182,35235.2246714121,34416.153118147,22386.062420294,13577.1296,NA,NA,NA,NA,NA
Sweden,SWE,Methane emissions (kt of CO2 equivalent),EN.ATM.METH.KT.CE,NA,NA,NA,NA,NA,NA,NA,NA,NA,NA,514156.5,506675.31,510586.5,525947.7,527972.4,520179.6,520449.9,521505.6,526860.6,537779.7,540416.4,539916.6,535535.7,527039.1,550616.4,561530.4,555012.6,558888.6,570725.7,579604.8,1088338.86093094,677032.951100473,683539.204793764,687669.843590824,690663.480517061,868330.672782824,689642.371995297,687059.383575055,685272.678482351,670163.149870824,1058489.13353718,668585.107491527,651979.166887233,654448.298698351,664640.150162352,1029798.37009912,660071.232085649,650725.748233943,855199.00585853,593663.402132882,813633.126118236,586685.659595503,579810.839563368,102959.312311233,100277.000729942,96707.9388085879,95546.9386774697,94844.0221342363,91635.8533457637,62681.650107706,38336.74848,NA,NA,NA,NA,NA
Swaziland,SWZ,Methane emissions (kt of CO2 equivalent),EN.ATM.METH.KT.CE,NA,NA,NA,NA,NA,NA,NA,NA,NA,NA,46980.843,47425.002,48394.002,49396.662,49757.283,51229.5,51783.36,52173,53012.46,54246.6600000001,53523.99,53411.28,52557.03,52941.0599999999,52645.7699999999,54591.93,55118.25,54969.33,54893.85,57078.18,77861.3703083387,76098.9012645879,80670.635782147,72354.7323870734,75369.4029046326,78672.8044221916,78852.4171685879,81167.483438147,77705.1207458531,77291.198129853,81922.8893994121,74868.0457082939,75846.7546437061,76595.4009796613,80791.1580295144,80946.8460332205,81791.1489594121,83795.8020492651,84397.559291706,84135.9345722939,86997.2896621469,87721.115528,88618.316393853,25451.718697853,25603.388371706,25451.167113853,25498.491729853,25677.4512695591,25912.7558394121,17354.8237796614,10608.272224,NA,NA,NA,NA,NA
Sint Maarten (Dutch part),SXM,Methane emissions (kt of CO2 equivalent),EN.ATM.METH.KT.CE,NA,NA,NA,NA,NA,NA,NA,NA,NA,NA,NA,NA,NA,NA,NA,NA,NA,NA,NA,NA,NA,NA,NA,NA,NA,NA,NA,NA,NA,NA,NA,NA,NA,NA,NA,NA,NA,NA,NA,NA,NA,NA,NA,NA,NA,NA,NA,NA,NA,NA,NA,NA,NA,NA,NA,NA,NA,NA,NA,NA,NA,NA,NA,NA,NA,NA
SUB-SAHARAN AFRICA (excl. Nigeria),SXN,Methane emissions (kt of CO2 equivalent),EN.ATM.METH.KT.CE,NA,NA,NA,NA,NA,NA,NA,NA,NA,NA,NA,NA,NA,NA,NA,NA,NA,NA,NA,NA,NA,NA,NA,NA,NA,NA,NA,NA,NA,NA,NA,NA,NA,NA,NA,NA,NA,NA,NA,NA,NA,NA,NA,NA,NA,NA,NA,NA,NA,NA,NA,NA,NA,NA,NA,NA,NA,NA,NA,NA,NA,NA,NA,NA,NA,NA
Seychelles,SYC,Methane emissions (kt of CO2 equivalent),EN.ATM.METH.KT.CE,NA,NA,NA,NA,NA,NA,NA,NA,NA,NA,453.78831,478.94712,509.52264,529.1046,555.8745,579.4518,589.7079,592.4823,619.2012,653.957700000001,685.302300000001,702.2343,696.558,709.8486,717.0549,753.948300000001,775.8375,793.488599999999,843.749099999999,861.420599999999,1927.74289063558,1965.71782663558,1979.22056263558,1999.46469863558,2021.66623463558,2035.14177063558,2051.48713063558,2187.00889719209,2197.41145719209,2222.40281719209,2256.89977719209,2279.19788119209,2378.36237719209,2437.99206484744,2474.09716084744,2488.27485684744,2516.76844084744,2558.88321684744,2597.34120084744,2602.80197684744,2701.48016084744,2721.71835284744,2782.63256630512,1683.16345430512,1693.72834230511,1703.95523030512,1713.54667830511,1723.11911830511,1732.86756630511,1202.34200630512,757.569432,NA,NA,NA,NA,NA
Syrian Arab Republic,SYR,Methane emissions (kt of CO2 equivalent),EN.ATM.METH.KT.CE,NA,NA,NA,NA,NA,NA,NA,NA,NA,NA,123675.51,121814.52,123007.92,119248.2,128803.56,145319.91,164133.81,173860.53,187165.41,185385.51,196711.08,213499.26,218867.01,231619.05,226866.87,221011.56,215462.25,363642.75,365502.72,359395.98,1303268.02180141,1091638.76374824,1198577.93607105,1251334.73557648,1275070.61453316,1532978.25014211,1337937.91155246,1364191.51479387,1406234.41498352,1411481.6684593,1836171.49345176,1348188.85853316,1368567.02987246,1368236.76640895,1263667.93271105,1644931.25794684,1238599.88110824,1240834.5561007,1470309.4344593,1235068.1076207,1480918.7658993,1201009.62265176,1044511.70872307,342693.369170352,298699.430871055,271278.498074121,266505.708699297,281167.39024,265178.919419297,205513.794622109,127709.38136,NA,NA,NA,NA,NA
Turks and Caicos Islands,TCA,Methane emissions (kt of CO2 equivalent),EN.ATM.METH.KT.CE,NA,NA,NA,NA,NA,NA,NA,NA,NA,NA,71.15418,71.5081199999999,71.0787,70.89255,69.3804,67.47147,67.11804,67.69638,69.46302,72.1063499999999,75.20154,79.42587,84.37491,89.96043,95.3929500000001,101.32323,104.73207,107.68293,110.95509,113.96817,106.01528,110.18288,196.33904,120.9869,126.81464,132.39168,138.30176,144.18516,151.16014,158.4723,166.91008,176.52592,186.71814,197.67534,208.89658,219.51752,230.9522,242.65138,253.83582,264.97012,276.24794,279.0104194,281.7728988,NA,NA,NA,NA,NA,NA,NA,NA,NA,NA,NA,NA,NA
Chad,TCD,Methane emissions (kt of CO2 equivalent),EN.ATM.METH.KT.CE,NA,NA,NA,NA,NA,NA,NA,NA,NA,NA,402174,401069.5,414092,409304.5,320333.04,341225.7,356043.24,406763.76,380058.12,407907.69,468769.05,422601.3,464459.04,441158.67,395074.56,369728.58,384974.01,408620.16,402372.66,437246.969999999,646353.865907296,654097.349979297,706268.555613291,701347.82728,715335.679862236,780849.415038466,794085.366420703,836819.227265176,841058.090631055,899751.646977891,965524.39026377,944552.600325878,1011346.4263407,1091942.75090965,1181033.38875553,1194455.22576588,1405980.06264588,1386905.20647412,1477707.46823693,1446886.4529807,1509325.94169176,1550374.38291578,1592238.94947859,779191.558379297,812032.608693164,874804.131762812,926814.807357188,960365.429511054,1008862.74792281,712487.173362812,475511.38384,NA,NA,NA,NA,NA
East Asia & Pacific (IDA & IBRD),TEA,Methane emissions (kt of CO2 equivalent),EN.ATM.METH.KT.CE,NA,NA,NA,NA,NA,NA,NA,NA,NA,NA,58975282.249944,58852085.816164,63546384.399142,62425686.4265119,59780513.150028,61148881.721086,62806936.3746359,67806747.467876,65988067.66149,66569746.8893,67240964.6686421,65538052.355432,81324952.017572,73427531.435026,67655918.130596,67492496.8390601,71942350.87394,78943101.24538,70668310.1202,71612113.53422,92872109.9819967,99092216.5969235,100032795.029331,93095511.0962119,99696002.5874058,96984919.5823638,97184115.6110341,126959313.407356,100160563.935874,96727977.0252295,95997304.4452586,97210211.8481012,103873285.670702,101552623.286961,110074988.420209,116279666.615289,129120378.889659,120327517.394845,124903683.50331,131621513.245878,134451117.629648,135718366.352112,141115657.350348,34755881.1960861,35225427.6616177,35391310.7898682,34990673.9881065,35356285.5483673,35842008.6089884,24393673.3327299,15297546.82592,NA,NA,NA,NA,NA
Europe & Central Asia (IDA & IBRD),TEC,Methane emissions (kt of CO2 equivalent),EN.ATM.METH.KT.CE,NA,NA,NA,NA,NA,NA,NA,NA,NA,NA,35466126.99,36137572.03,38072390.44,38568670.28,39644527.02,41006809.34,42398748.42,43180023.04,44321199.23,45179433.74,45797518.76,45928011.15,47686282.07,49436233.28,50665367.4100001,51547740.3,52801337.19,53901957.55,55406629.46,55966414.7699999,75530343.1132593,70720100.9704393,66997321.0917188,64496620.4311921,60514041.0626937,57846762.6892478,57485245.2035975,54129429.3065237,55143099.5664043,53319521.2964611,56293685.4072872,55502140.8076629,57191551.8524908,59365986.1572815,58705386.1354822,59884209.128931,60232349.4546341,61168433.481808,62535161.1269509,60861573.8473072,64277008.4839811,63780023.1597158,65193117.6492025,21071659.2062835,21089644.0487253,21100266.3493409,21362011.0012202,21627020.5835292,22071441.0350414,14242523.1630245,8639903.610744,NA,NA,NA,NA,NA
Togo,TGO,Methane emissions (kt of CO2 equivalent),EN.ATM.METH.KT.CE,NA,NA,NA,NA,NA,NA,NA,NA,NA,NA,104864.67,101913.81,101098.32,106475.76,89177.58,96187.53,99819.2400000001,113569.86,101525.19,108562.68,125594.64,110022.81,127919.22,118947.3,120479.85,113589.24,118010.43,124262.52,125432.46,132286.35,275200.134313853,151605.331326192,160128.904777221,158217.341999367,162936.94314522,212375.665081265,178433.512388927,187710.923715661,179789.722519412,183148.803960588,313304.002715118,190197.446004294,207181.975900926,184304.388140882,183624.482991367,340415.917697265,201506.348652383,291430.056294147,426787.376982237,293968.868738441,387275.134960587,294932.336832588,296287.253865176,53358.2743348242,52409.9457975591,56483.544192,54477.8474356167,55307.0571070288,56026.8317784409,36519.5372511182,24319.055304,NA,NA,NA,NA,NA
Thailand,THA,Methane emissions (kt of CO2 equivalent),EN.ATM.METH.KT.CE,NA,NA,NA,NA,NA,NA,NA,NA,NA,NA,3643618.5,3622530,3519193.8,3858328.5,3643985.7,3953244.6,3921879.6,4141261.2,4255842.9,4115531.7,4239890.1,4244643.3,4210085.7,4460363.1,4343593.5,4411698.9,4281536.7,4341900.3,4519451.7,4516672.2,7987892.04543106,5150540.23027859,5269558.63237035,5043863.85576281,5128008.87366211,6532863.08396422,5027789.15274965,5213624.51671387,5101650.8754193,5149935.67336,8207755.05755859,5218802.25586633,5250980.60739859,5256149.21617508,5458208.22204141,8617635.91447999,5629840.20835578,5887298.01786633,7863161.36776563,6110809.53774492,8417503.81016563,6464573.80242352,6527137.76003297,1604549.08792563,1520319.7453007,1440867.43901367,1464090.85909367,1502562.13358773,1496106.45177508,949418.730165625,607142.24048,NA,NA,NA,NA,NA
Tajikistan,TJK,Methane emissions (kt of CO2 equivalent),EN.ATM.METH.KT.CE,NA,NA,NA,NA,NA,NA,NA,NA,NA,NA,143534.4,149587.08,154259.7,157823.58,162857.79,167189.22,168428.01,168797.25,171717,173236.29,174778.53,174738.24,177171.45,180056.52,184367.55,186299.94,189417.06,192811.62,203360.46,211683.15,444852.078916473,284405.624209942,269050.698457764,250602.21261853,240144.763457764,294556.418457764,217539.197542236,214090.594694824,206926.71338147,205022.849847412,325927.324809265,208486.197580383,211591.610457764,219547.154885559,228907.917542236,377354.782771118,253877.350114441,266793.719656677,370083.539847412,299817.190839233,403590.733710825,323328.531851586,338785.924627057,93358.8466056484,95390.702875706,99474.7117562939,103200.314408588,104837.345671412,105481.023086824,73426.9023576484,44167.051536,NA,NA,NA,NA,NA
Turkmenistan,TKM,Methane emissions (kt of CO2 equivalent),EN.ATM.METH.KT.CE,NA,NA,NA,NA,NA,NA,NA,NA,NA,NA,551860.8,560265.6,580476.9,614550,664326,719513.1,779397.300000001,829112.1,883391.4,925818.300000001,979149,1027068.6,1089242.7,1151467.8,1212744.3,1286832,1341753.9,1398185.4,1477107.9,1511895,3880608.67793789,2691360.99947246,1945135.92439105,2213477.28424895,1541308.49906965,1863154.91194965,1504273.04282684,1093280.96629623,1104867.17236141,1422836.64637035,2824603.48419578,2135150.17941316,2298999.26326824,2562695.80185176,2647486.27692754,3707582.2996207,2714447.9972207,2854878.04580703,3591000.03340703,2183585.45179578,2870165.98359387,2553489.8493054,2547224.78267956,1679063.50740703,1689744.17766211,1752316.47871719,1700699.5496207,1689971.88263438,1728477.50964141,1574001.24542773,998549.156,NA,NA,NA,NA,NA
Latin America & Caribbean (IDA & IBRD),TLA,Methane emissions (kt of CO2 equivalent),EN.ATM.METH.KT.CE,NA,NA,NA,NA,NA,NA,NA,NA,NA,NA,25846813.0396,24084316.2371,25702473.4848,25351282.6301,26560902.2896,27867775.3753,29790967.3495,28741981.5725,29998222.9876,30921075.5616,32400527.9507,32066968.7758,33068638.428,33127090.626,32212035.9463,32852987.8306,33596207.7717,35384610.5263,34854925.7546,35505341.2,48357707.7565573,47825472.2838922,49058982.5157887,50537798.6472322,49611161.4986531,51597853.9752368,51919010.2703483,52778400.8621028,55287566.1873738,53688482.4005812,54061823.3871762,54556649.4203502,55929886.4955133,58379956.0762755,62094876.025024,63095626.0028129,59032799.3109312,59655414.3424007,60425119.4622043,60836213.3591692,62231223.6822543,62652264.577665,64411222.8985918,21280980.1734165,21578283.0688625,21750443.8544441,21679233.8824555,21426519.922188,21043375.6314873,14707909.6199925,8926725.505664,NA,NA,NA,NA,NA
Timor-Leste,TLS,Methane emissions (kt of CO2 equivalent),EN.ATM.METH.KT.CE,NA,NA,NA,NA,NA,NA,NA,NA,NA,NA,20577.75,21276.85,23060.8,23465.85,23121.65,21936.4,19987.4,18112.6,16716.2,14514.55,13771.8,14052.9,14624.9,15487.5,16599.4,16617.65,16695.75,16585.95,15613.4,15971.6,21585.0524284521,25618.6818787795,24424.6884769265,25358.9580798419,32530.2545603163,36109.4611632316,30300.946974147,29113.1976690846,30412.246488,26150.2122035479,29427.8399890847,55652.774481853,72568.3774657637,91627.8814578531,106672.110907706,125140.773548294,132157.014902824,137891.843478236,145004.855748294,150951.534331706,157199.146822646,155214.432841061,154012.368622236,117582.015561354,115355.769302646,113862.722068473,109368.948056,104552.760280588,99956.7393445878,66040.6491795273,38359.158328,NA,NA,NA,NA,NA
Middle East & North Africa (IDA & IBRD),TMN,Methane emissions (kt of CO2 equivalent),EN.ATM.METH.KT.CE,NA,NA,NA,NA,NA,NA,NA,NA,NA,NA,7434656.418,7487674.124,7720641.68400001,8419012.861,8141294.042,7934476.36099999,8787639.51800001,8661189.089,8691301.843,8170900.23399999,7237070.631,6277340.55900001,6794282.47400001,6875599.34600001,6723732.813,7093842.994,7412730.633,7672650.39799999,7753294.206,8127437.577,14022318.6624221,13629569.403365,14076051.6816269,14528981.0287985,15032756.3206969,15599454.3133439,15988169.9227557,16527540.9233876,16958349.142126,17567692.0686085,18418233.7899647,18031697.7300437,18234639.8067858,19187009.1876547,19879683.1826466,20645540.5030466,21298710.2130364,21569290.4696285,21935951.6569317,22022820.1598402,22743604.6790583,22105258.1459543,22947707.2480869,8873634.7795587,8690473.20054277,8674383.03143457,9249838.79362112,9705799.20277841,9897019.21905756,7485633.32610399,3932203.093504,NA,NA,NA,NA,NA
Timor-Leste,TLS,Methane emissions (kt of CO2 equivalent),EN.ATM.METH.KT.CE,NA,NA,NA,NA,NA,NA,NA,NA,NA,NA,411.555,425.537,461.216,469.317,462.433,438.728,399.748,362.252,334.324,290.291,275.436,281.058,292.498,309.75,331.988,332.353,333.915,331.719,312.268,319.432,340.472,404.713,380.516,392.784,530.913,602.546,463.498,441.214,461.378,402.412,449.991,598.356,606.863,658.73,672.508,676.722,685.737,689.243,696.937,706.55,717.718,724.89518,732.07236,NA,NA,NA,NA,NA,NA,NA,NA,NA,NA,NA,NA,NA
Tonga,TON,Methane emissions (kt of CO2 equivalent),EN.ATM.METH.KT.CE,NA,NA,NA,NA,NA,NA,NA,NA,NA,NA,1640.9301,1601.298,1606.0869,1772.8212,1862.2191,2092.8666,2292.5571,2534.5215,3039.8601,3071.6841,3113.193,3453.4242,3159.4857,2681.7432,2403.6606,2742.3006,2853.45,3134.1744,3351.873,3101.4171,5102.35246927117,4912.94290127116,5129.86131692651,5078.25655727116,4964.99638927116,4853.05179761581,4615.76819761582,4458.41060596047,4405.40620596047,4317.27301430511,4543.51541430511,4352.88785430511,4358.44068630511,4369.12092630511,4381.12595830512,4393.98659830512,4407.30199830512,4424.14559030511,4437.02139030512,4451.04979030511,4464.75199030511,4493.40590430512,4589.43481030511,1767.01879030511,1772.03032630512,1776.95086230511,1781.28219830511,1782.34952630511,1785.22286230511,1188.07819030511,738.705512,NA,NA,NA,NA,NA
South Asia (IDA & IBRD),TSA,Methane emissions (kt of CO2 equivalent),EN.ATM.METH.KT.CE,NA,NA,NA,NA,NA,NA,NA,NA,NA,NA,28696154.7782,28616788.6011,28636899.2399,29100232.1365,29412279.8165,30079962.0877,30076082.792,30686273.9855,31137903.8495,31344828.7964,31564538.9311,32186778.7934,32274206.0095,32816786.7531,33401427.5385,33575219.6703,34545491.0045,34742027.089,35974280.4904,36696413.6735,45539662.438570596,45262764.7382859,45499593.6622138,46021089.1812927,46529837.8474141,47227687.8481205,47886688.6968969,48360044.9869343,48698814.3702313,50073402.3415241,50581407.6454176,50227938.5066858,50425503.981167,51477384.8192417,51909625.8431722,52953244.4686679,53749672.1957825,54750923.2679935,55713326.260928,56661484.4932546,58131337.0105998,57965914.9110923,59466095.202035,17862041.1639491,18051748.9452614,18228999.939306,18392536.8350937,18577031.5416266,18829623.1071269,12774639.3302886,8038555.783128,NA,NA,NA,NA,NA
Sub-Saharan Africa (IDA & IBRD),TSS,Methane emissions (kt of CO2 equivalent),EN.ATM.METH.KT.CE,NA,NA,NA,NA,NA,NA,NA,NA,NA,NA,25894601.43177,20108916.37254,20941288.51198,22438307.0121,20421422.2457,22010218.2377,21601127.2484,23805059.1709,23538397.932,28084968.5858,27121895.7191,24233600.0095,26565397.5349,26155979.4167,23795874.8412,23605390.6144,23657943.7024,26890219.6178,23561873.3665,25859544.2539,38679851.782723,35261305.4109121,42084613.1502664,35749580.7184684,37595956.0571451,39155865.9246332,38463512.249752,38427162.5706719,39250273.0449324,38637246.8781901,40674131.841761,40880431.1675074,40664898.356331304,41149588.0093381,42215751.9376084,43660096.4710571,49346386.8562677,60114438.729544,52057028.3880121,51466331.0050363,52511975.0620948,52232481.7406626,53325958.1296619,16039846.294371,16275210.2429047,16606395.6664779,16952735.7841479,17089750.4164679,17321670.0584959,11785836.0222766,7459612.177736,NA,NA,NA,NA,NA
Trinidad and Tobago,TTO,Methane emissions (kt of CO2 equivalent),EN.ATM.METH.KT.CE,NA,NA,NA,NA,NA,NA,NA,NA,NA,NA,81388.35,80790.63,82790.3399999999,89040.39,97022.3999999999,98713.56,104475.54,109836.66,112491.72,112349.43,121334.61,121675.8,144341.22,148489.56,155990.13,167195.85,163912.47,166249.8,170292.57,161983.65,386507.789465943,237265.87338147,237761.325160588,209833.495008,200060.988008,280186.509969853,217521.49332547,217278.192681265,239191.678143322,278618.542621559,586836.601977355,342907.360172294,387914.296528,513020.103120766,561337.67216294,944675.487526825,714301.055,738389.041489354,997701.343657176,761642.378748882,1063212.63908565,793265.027806237,800025.113306121,120080.083612703,118980.791586709,112813.73390947,101399.342710646,101720.57613853,103190.402931706,95637.9624195274,53338.643,NA,NA,NA,NA,NA
Tunisia,TUN,Methane emissions (kt of CO2 equivalent),EN.ATM.METH.KT.CE,NA,NA,NA,NA,NA,NA,NA,NA,NA,NA,129075.9,136663.17,142408.83,146244.54,153241.74,159575.94,158393.76,163503.45,156472.59,146559.72,155917.2,157549.71,163827.3,172035.75,179583.24,189368.61,192254.7,200859.42,199581.87,203162.07,425817.048664,289284.171228882,304451.216564882,313546.72242694,315660.965686646,417956.302892882,362726.118022645,383028.582465942,407152.943824767,423150.440259706,675497.919313354,444273.514888588,447606.775387527,443065.663521354,450468.70756253,704020.217824588,467551.858201943,445917.292952588,584275.51462694,466944.68254653,622919.044678645,483290.921878824,487332.164605061,134244.911894236,134077.181525648,130345.309385942,127664.378589061,125979.115478824,127476.208529354,87995.9051902363,53230.55508,NA,NA,NA,NA,NA
Turkey,TUR,Methane emissions (kt of CO2 equivalent),EN.ATM.METH.KT.CE,NA,NA,NA,NA,NA,NA,NA,NA,NA,NA,1672249.2,1664680.8,1695173.7,1730328,1770577.2,1794837.9,1846541.7,1883419.8,1929646.2,1972634.1,2019452.1,2117244.6,2163261.9,2125425,2155474.2,2047216.5,2118300.3,2186477.1,2211314.1,2262543.6,4348507.27777176,2689162.74750211,2791697.11960894,2835332.8540593,2865304.58751719,3758658.29129789,2975008.42459859,3092421.66138352,3125180.36249789,3219159.11546352,5299424.02087105,3353080.93912281,3375945.65493035,3445875.26983105,3555140.39428422,5677251.60737176,3847050.96766824,4052006.09615105,5738262.86508422,4324105.35730965,5838566.48347246,4434230.36415387,4497859.30753789,852539.114435781,891540.198927539,807419.680086133,846361.522533164,854514.508002812,905639.729890351,637348.727271055,403558.1316,NA,NA,NA,NA,NA
Tuvalu,TUV,Methane emissions (kt of CO2 equivalent),EN.ATM.METH.KT.CE,NA,NA,NA,NA,NA,NA,NA,NA,NA,NA,79.82469,79.7028,79.54521,79.29123,78.9031200000001,78.3329399999999,81.92028,86.38482,91.0089900000001,97.0326000000001,103.39842,103.8462,111.22131,110.91072,117.91863,124.49508,124.63533,120.8037,121.97415,135.5835,308.70326710593,323.16533910593,326.70524310593,326.20433510593,330.52652710593,333.25877110593,334.80146710593,337.24502310593,338.17545910593,340.78775510593,341.34475110593,342.45046710593,345.96177110593,346.69794710593,347.408303105931,348.11127910593,348.55040310593,349.57406710593,350.73351110593,351.78355510593,352.64878710593,354.48587730593,356.34597550593,201.87244710593,202.34974310593,202.82703910593,203.05382310593,203.36459910593,203.59837510593,143.88915110593,92.595936,NA,NA,NA,NA,NA
"Taiwan, China",TWN,Methane emissions (kt of CO2 equivalent),EN.ATM.METH.KT.CE,NA,NA,NA,NA,NA,NA,NA,NA,NA,NA,NA,NA,NA,NA,NA,NA,NA,NA,NA,NA,NA,NA,NA,NA,NA,NA,NA,NA,NA,NA,NA,NA,NA,NA,NA,NA,NA,NA,NA,NA,NA,NA,NA,NA,NA,NA,NA,NA,NA,NA,NA,NA,NA,NA,NA,NA,NA,NA,NA,NA,NA,NA,NA,NA,NA,NA
Tanzania,TZA,Methane emissions (kt of CO2 equivalent),EN.ATM.METH.KT.CE,NA,NA,NA,NA,NA,NA,NA,NA,NA,NA,1286097.6,855387.300000001,902904,944708.699999999,876593.1,998529,958631.699999999,1051757.7,1101283.8,1335475.8,1177977.6,1099289.7,1201376.4,1193772.3,997315.199999999,1019224.8,1014553.2,1256339.1,1023687.3,1113804.3,2686698.24244141,1545950.41091553,1933489.78,1492246.29213623,1619662.0487793,2289841.9104,1599963.49770658,1568533.78112588,1925085.05057789,1738273.55605342,2998460.41588141,1954738.8561393,1943788.93853342,2121312.58542518,2027691.96087105,3436200.71112894,1789541.39350824,1802929.00252141,2337020.34421035,1926525.98475859,2522506.89827859,2056330.29656613,2092087.39095719,850669.209010352,879972.450269649,927684.906726133,932509.210352461,916317.371081406,928133.220059297,568425.421398594,371898.93648,NA,NA,NA,NA,NA
Uganda,UGA,Methane emissions (kt of CO2 equivalent),EN.ATM.METH.KT.CE,NA,NA,NA,NA,NA,NA,NA,NA,NA,NA,436793.07,437731.469999999,445869.54,469024.05,439531.77,461973.3,479520.87,507945.21,502401.51,522459.3,550228.8,516971.7,550953,541354.8,549565.8,540380.7,557011.8,512754,518649.6,550437.9,741608.626561764,697819.684603297,739987.885230467,742566.341187528,736867.958610352,796065.818915527,787442.343762939,814469.489389648,808560.62,840974.600915528,868380.518931885,854019.411871055,865083.978706709,936500.711148116,916573.481533291,1044203.89122811,1006885.65285188,1526875.42920588,1328923.52235553,1164687.08733623,1346617.46109623,1359036.01347553,1387863.50860141,419606.095013418,431624.600411758,449193.944598594,456782.953188242,466552.016130352,476380.228382109,282599.362168945,169429.43328,NA,NA,NA,NA,NA
Ukraine,UKR,Methane emissions (kt of CO2 equivalent),EN.ATM.METH.KT.CE,NA,NA,NA,NA,NA,NA,NA,NA,NA,NA,3791931.6,3904565.1,4031539.8,4160804.4,4290507.6,4414401.9,4482221.7,4535435.1,4684666.2,4787859.6,4858377.3,4896724.2,5006945.4,5083746.3,5166453,5278143,5330469,5413191,5489283,5651514,12953818.0000744,7611447.44336,7413649.3624414,7171439.62779297,6827280.22023438,8561462.62779297,6220286.7387793,5912520.28,5586479.06427246,5501984.49,8616100.77755859,5060293.49572754,5010382.31572754,4997184.78427246,4630161.23938965,7002868.37328613,4344052.93511719,4266492.25328613,5488796.57244141,4094637.92061035,5420571.77549316,4124923.07065877,4080377.03399332,931930.843437188,883635.113508242,826775.147321407,819040.864192461,814170.171217891,812645.686023515,428177.636100703,258542.99992,NA,NA,NA,NA,NA
Upper middle income,UMC,Methane emissions (kt of CO2 equivalent),EN.ATM.METH.KT.CE,NA,NA,NA,NA,NA,NA,NA,NA,NA,NA,102141762.239298,102099610.400508,106506974.081849,107103255.053854,110437116.464054,114015143.666838,118396994.320698,119485827.442448,121397561.42977,122706712.79715,123808884.395916,122786518.713536,128743601.474376,129319939.816728,129452240.800828,131023393.77514,134800784.34557,139461471.29519,140052673.10906,143416268.58251,269171967.94543,182579787.290864,180877819.980045,178579609.584846,176954590.150174,217686195.332293,180215217.692119,182941544.356694,181950164.796306,177153506.622788,262281540.693138,181104915.76821,187072307.496995,194161458.972914,202804107.811899,308256974.72298,213455543.270105,215913909.428114,281790921.837442,226361035.128256,293735945.653088,237885186.93474,242367014.067069,64748569.4384759,65264535.8059462,65660744.642217,65676155.4446847,66484401.5932967,67382921.1450088,47099190.6457686,29653565.322896,NA,NA,NA,NA,NA
Uruguay,URY,Methane emissions (kt of CO2 equivalent),EN.ATM.METH.KT.CE,NA,NA,NA,NA,NA,NA,NA,NA,NA,NA,740718.9,730432.199999999,746645.1,781962.6,824919.9,875374.199999999,823160.4,819972.9,826052.1,863465.699999999,952368.9,966699.9,953939.699999999,850129.199999999,810874.5,835839,840128.1,884528.699999999,913211.1,859752.9,1654312.49244141,1123103.07305176,1187802.41938965,1231841.48061035,1246815.86183105,1580436.68938965,1263733.28305176,1249805.45213623,1225020.76908447,1237922.10213623,1888923.28969482,1217158.30786377,1262456.72366211,1292407.03786377,1325605.10664307,2020901.09486211,1358782.30798211,1359424.5161393,1770969.3592593,1351538.79290965,1652032.09991693,1301550.94935693,1299740.61322377,402983.79293623,409257.143991055,409360.226266582,411571.578234121,405499.755694824,397590.352545176,269757.987484473,163148.79464,NA,NA,NA,NA,NA
United States,USA,Methane emissions (kt of CO2 equivalent),EN.ATM.METH.KT.CE,NA,NA,NA,NA,NA,NA,NA,NA,NA,NA,30307005,29554143,29897781,30055014,29998047,30083115,30067407,29785122,29655786,30606273,30985305,31025136,30903807,30162420,30989640,30695421,30541044,30849900,31517592,31703130,68543613.1862906,42134615.4596406,41976944.8737094,41500777.130925,41622008.9162219,54679426.8732688,40684522.189875,40062654.3905656,39234993.8188406,38546678.0208563,61480036.0673094,37548145.2622344,37362030.7691594,37377131.7585094,37006485.5100125,58338503.7564687,36870977.0062063,37004696.7820406,47772130.4422063,36347097.712,46366958.3489375,35887236.5420625,35282951.5872125,12331137.0996406,12667527.5868125,12668340.5545375,12382884.8863437,12628843.8721937,13232765.8808563,9998522.9726625,5985931.2232,NA,NA,NA,NA,NA
Uzbekistan,UZB,Methane emissions (kt of CO2 equivalent),EN.ATM.METH.KT.CE,NA,NA,NA,NA,NA,NA,NA,NA,NA,NA,858370.800000001,889210.5,920611.199999999,961809,1012202.1,1061024.4,1107521.1,1143629.1,1191273.3,1195802.1,1235184.3,1259781.6,1302443.1,1346910,1409145.3,1466775.3,1505163,1555591.8,1634544.9,1670010.3,3760632.75540141,2457532.36036754,2373393.95671387,2619486.44389649,2614096.80816894,3395715.61366211,2667707.39267578,2633140.95183106,2679265.34061035,2727785.74389648,4343310.20450683,2896628.15488281,3001603.43816894,3046344.94755859,3087415.90511719,4731604.46694825,3345639.0242193,3371350.63462211,4386832.67578965,3370635.88802352,4290063.78346352,3416310.6142395,3433949.40033428,1248272.87471387,1232867.85152,1237215.40840613,1277375.60537789,1285827.52357035,1337202.29199719,705404.008968945,428815.54472,NA,NA,NA,NA,NA
St. Vincent and the Grenadines,VCT,Methane emissions (kt of CO2 equivalent),EN.ATM.METH.KT.CE,NA,NA,NA,NA,NA,NA,NA,NA,NA,NA,1174.2954,1176.8097,1193.0175,1218.7368,1225.6983,1235.5311,1243.5585,1257.5427,1268.0232,1277.1675,1298.562,1338.4593,1371.0789,1424.3994,1492.0203,1487.8485,1484.61,1422.1554,1526.9043,1516.3779,2656.37801719209,2654.37543319209,2693.86484919209,2730.1552651921,2769.8774811921,2795.72909719209,2816.26598519209,2835.50466519209,2863.25517719209,2887.05508919209,2906.73779319209,2926.54020919209,2949.23441719209,2894.58863319209,2917.34084119209,2944.55525719209,2971.43666519209,3005.42966519209,3040.09607319209,3085.59268119209,3119.72848919209,3138.49949119209,3151.68449319209,1307.35721719209,1303.26199319209,1302.04876919209,1301.67009719209,1307.22342519209,1307.57675319209,888.470073192093,542.2094,NA,NA,NA,NA,NA
Venezuela,VEN,Methane emissions (kt of CO2 equivalent),EN.ATM.METH.KT.CE,NA,NA,NA,NA,NA,NA,NA,NA,NA,NA,1792721.4,1706536.5,1690073.7,1744485.6,1676512.8,1562481.9,1624191.9,1617612.9,1671310.8,1774555.2,1800024.6,1799616.6,1822964.4,1826253.9,1834266,1859031.6,1942722.6,2032049.1,2042606.1,2087169.9,6267488.79394453,4671294.40488281,4715225.68849688,4845395.99027578,4918511.38459297,6472635.32285547,5618812.03153125,5913279.46358593,6188450.26446875,5719302.29267578,8357203.37308985,6122177.86270312,5725599.09612422,5638627.19259297,5842376.52033126,8175023.97713125,5978116.63995859,6119533.95870312,7294459.6703586,5873702.95562734,6798699.67878594,5765192.30747577,5992119.71175156,3354425.1528,3319507.32286875,3229281.61444141,3043576.62689688,2737437.51052422,2386394.62067578,1618782.64505508,780753.87904,NA,NA,NA,NA,NA
British Virgin Islands,VGB,Methane emissions (kt of CO2 equivalent),EN.ATM.METH.KT.CE,NA,NA,NA,NA,NA,NA,NA,NA,NA,NA,603.5808,521.4672,564.1056,574.1808,597.212,608.5163,618.0125,631.7227,642.733,656.551,673.3972,688.229499999999,733.0939,763.018200000001,787.253600000001,823.533199999999,867.9762,542.9788,724.0877,734.461,666.666000000001,677.8156,688.7408,697.422,707.854399999999,718.0844,728.0328,734.932,743.3624,752.078800000001,760.21,766.7088,773.6696,780.516000000001,787.0148,793.2364,799.9112,809.621999999999,819.469199999999,829.3824,840.2636,848.666236,857.068872,NA,NA,NA,NA,NA,NA,NA,NA,NA,NA,NA,NA,NA
Virgin Islands,VIR,Methane emissions (kt of CO2 equivalent),EN.ATM.METH.KT.CE,NA,NA,NA,NA,NA,NA,NA,NA,NA,NA,825.9552,870.2334,930.765300000001,992.689500000001,1053.6192,1116.5226,1172.4441,1227.3201,1280.3499,1330.4727,1386.6186,1433.0949,1468.3869,1505.8107,1542.6123,1570.2084,1593.2604,1625.8545,1658.6526,1694.2965,1554.938,1578.1818,1600.3584,1619.7888,1638.9662,1654.4038,1674.0642,1696.5444,1722.0928,1749.1224,1777.4676,1805.1044,1833.8728,1860.7736,1887.3432,1914.8144,1944.0934,1984.3296,2030.3526,2075.5108,2126.2212,2147.483412,2168.745624,NA,NA,NA,NA,NA,NA,NA,NA,NA,NA,NA,NA,NA
Vietnam,VNM,Methane emissions (kt of CO2 equivalent),EN.ATM.METH.KT.CE,NA,NA,NA,NA,NA,NA,NA,NA,NA,NA,2761389.9,2718753.9,2775108.9,2858249.1,2872855.5,2741061.3,2893199.4,2984673,2963268.3,2948014.2,2961610.8,2982133.2,3010351.5,3013661.4,2983571.4,2991053.1,2995627.8,2977492.2,3002227.2,3049065.6,5827717.36706683,3697875.37516754,3803273.62693035,3849543.09701648,3861942.26572754,5205635.66358824,4136508.21580141,4220159.26816895,4480815.98541929,4537369.44969789,7490719.0163379,4733239.94244141,4985881.44633789,5033253.69610352,5454859.71610351,8914690.16098633,6053053.54535156,6288902.49267578,8447522.42779297,6639273.43,8823754.16901367,6773740.45880563,6834355.1493007,1629061.2858993,1631169.34208844,1625542.25287719,1602728.86488563,1593195.82629648,1587036.49310773,1047637.09038773,636953.90424,NA,NA,NA,NA,NA
Vanuatu,VUT,Methane emissions (kt of CO2 equivalent),EN.ATM.METH.KT.CE,NA,NA,NA,NA,NA,NA,NA,NA,NA,NA,6546.56399999999,7179.27000000001,7258.93200000001,8024.493,8409.39,8790.258,9158.427,8845.287,8566.97999999999,8348.139,8284.083,8255.217,8446.212,8651.742,8693.511,9013.536,9326.52299999999,9693.264,9752.373,10117.278,16495.5164673898,16435.7477644521,17363.3279503051,18425.7722172204,18648.8713950735,19307.3726190735,18923.6169950735,19105.9753409265,19262.0607249265,19482.7061009265,20176.5135230735,18990.8479052205,18912.3322492205,19175.0575470735,19118.3778529265,19262.1471587795,19475.1707038419,20625.0200963163,20812.3596413786,19730.5650624633,20054.9014963163,20373.9980173786,20589.5844192316,9006.32697923163,9176.32542108466,8945.92898214697,8478.65284614697,8688.461672,8750.875536,5584.10136185303,2994.620264,NA,NA,NA,NA,NA
West Bank and Gaza,PSE,Methane emissions (kt of CO2 equivalent),EN.ATM.METH.KT.CE,NA,NA,NA,NA,NA,NA,NA,NA,NA,NA,NA,NA,NA,NA,NA,NA,NA,NA,NA,NA,NA,NA,NA,NA,NA,NA,NA,NA,NA,NA,NA,NA,NA,NA,NA,NA,NA,NA,NA,NA,NA,NA,NA,NA,NA,NA,NA,NA,NA,NA,NA,NA,NA,NA,NA,NA,NA,NA,NA,NA,NA,NA,NA,NA,NA,NA
World,WLD,Methane emissions (kt of CO2 equivalent),EN.ATM.METH.KT.CE,NA,NA,NA,NA,NA,NA,NA,NA,NA,NA,270471812.10682,262288954.84554,273262104.02619,276363244.6984,279575970.61464,286026457.08073,293626143.90208,301266293.99376,301240192.83195,310434981.0979,312444911.56167,305180577.97934,326886136.85288,319145194.72775,311181592.55534,313896942.57672,322188710.34714,335945849.90056,326931952.99472,334205399.35144,678429448.434425,437121500.5891,442662046.696249,427095902.138526,432756720.067187,551333832.112265,431434462.725167,461106294.097758,436968817.403113,429433133.210764,671990296.449096,435443229.960062,445074986.711654,449195956.101749,463726888.506733,724822816.109881,492215037.243629,497810313.371332,635855058.15012,502141242.838913,649680936.255416,514367242.944741,519694959.997841,151065062.34489,152515647.095897,153341371.916009,153737378.452811,155535621.9237,157345168.921365,108975049.893586,66543358.912,NA,NA,NA,NA,NA
Samoa,WSM,Methane emissions (kt of CO2 equivalent),EN.ATM.METH.KT.CE,NA,NA,NA,NA,NA,NA,NA,NA,NA,NA,3221.5221,3242.4984,3269.3754,3314.3319,3463.4151,3641.1144,3723.9639,3779.2683,3876.4998,3990.2961,4134.2742,4304.7672,4489.8666,4558.4004,4705.3569,4998.8619,5469.954,5873.31299999999,5900.955,5879.484,9625.25186977396,9218.58112577396,9037.80142792094,9193.36764577395,9895.90290654233,10101.4951625423,9714.70494654233,9730.60772254233,9875.21950654233,9905.91028254233,9976.91105854233,10624.191345853,10643.964649853,10680.399953853,10827.989257853,10850.452561853,10901.675241853,10822.600921853,10849.610609853,10985.733289853,11207.4460589153,11369.1774687684,11467.7319247684,5446.74102076837,5565.1923186214,5761.60673568372,5624.54365753674,5519.22965568372,5610.09956953675,3519.35752953674,2138.59148,NA,NA,NA,NA,NA
Kosovo,XKX,Methane emissions (kt of CO2 equivalent),EN.ATM.METH.KT.CE,NA,NA,NA,NA,NA,NA,NA,NA,NA,NA,NA,NA,NA,NA,NA,NA,NA,NA,NA,NA,NA,NA,NA,NA,NA,NA,NA,NA,NA,NA,NA,NA,NA,NA,NA,NA,NA,NA,NA,NA,NA,NA,NA,NA,NA,NA,NA,NA,NA,NA,0,NA,NA,NA,NA,NA,NA,NA,NA,NA,NA,NA,NA,NA,NA,NA
Yemen,YEM,Methane emissions (kt of CO2 equivalent),EN.ATM.METH.KT.CE,NA,NA,NA,NA,NA,NA,NA,NA,NA,NA,112438.17,119899.47,119249.22,116057.13,122260.77,125270.28,120003.51,121377.45,122634.6,123799.44,126086.79,128393.52,130770.12,133157.94,135618.69,138071.28,141688.71,146385.3,167571.21,174830.04,464427.298429291,307509.063322121,308742.528632,340691.415813649,427039.036408946,524397.919389648,441577.618931885,465381.519694825,479572.206337891,507752.680610351,803627.608779298,558622.837025175,563871.360613418,600471.437333418,595826.737330352,929839.210693419,682152.895063769,680421.33301623,817274.34097789,677361.42053623,885013.829028243,707716.617494825,685881.690468242,298829.742281406,284510.698731758,196083.012515527,166810.404837879,177493.114373291,185851.918262236,139238.883026709,84337.23008,NA,NA,NA,NA,NA
"Yemen, PDR",YMD,Methane emissions (kt of CO2 equivalent),EN.ATM.METH.KT.CE,NA,NA,NA,NA,NA,NA,NA,NA,NA,NA,NA,NA,NA,NA,NA,NA,NA,NA,NA,NA,NA,NA,NA,NA,NA,NA,NA,NA,NA,NA,NA,NA,NA,NA,NA,NA,NA,NA,NA,NA,NA,NA,NA,NA,NA,NA,NA,NA,NA,NA,NA,NA,NA,NA,NA,NA,NA,NA,NA,NA,NA,NA,NA,NA,NA,NA
Serbia and Montenegro,YUG,Methane emissions (kt of CO2 equivalent),EN.ATM.METH.KT.CE,NA,NA,NA,NA,NA,NA,NA,NA,NA,NA,NA,NA,NA,NA,NA,NA,NA,NA,NA,NA,NA,NA,NA,NA,NA,NA,NA,NA,NA,NA,25800,NA,NA,NA,NA,19200,NA,NA,NA,NA,19000,NA,NA,NA,NA,NA,NA,NA,NA,NA,NA,NA,NA,NA,NA,NA,NA,NA,NA,NA,NA,NA,NA,NA,NA,NA
South Africa,ZAF,Methane emissions (kt of CO2 equivalent),EN.ATM.METH.KT.CE,NA,NA,NA,NA,NA,NA,NA,NA,NA,NA,1645764.9,1624523.4,1639660.2,1703043,1753099.5,1820720.4,1861617.3,1930676.4,1975128,2103204.3,2125445.4,2178949.5,2275161,2326252.8,2413595.4,2442843.9,2455899.9,2497245.6,2549173.8,2594895.3,5476252.50450684,3550180.49098633,3537973.55,3583036.47145508,3617425.02145508,4618713.75092703,3671303.08346352,3765493.07462492,3792945.64503437,3786469.16588141,5949920.21873227,3777009.38843859,3830818.37396703,3966004.45355578,4042337.73359156,6427938.12935438,4142759.19676141,4206447.60299297,5563854.72116141,4215767.28969508,5463878.81118493,4174922.81108492,4153316.43877789,1246902.83647719,1259966.78027578,1250598.30848844,1244434.44673508,1265013.11916141,1258926.43359156,988012.928693672,577705.72112,NA,NA,NA,NA,NA
"Congo, Dem. Rep.",COD,Methane emissions (kt of CO2 equivalent),EN.ATM.METH.KT.CE,NA,NA,NA,NA,NA,NA,NA,NA,NA,NA,NA,NA,NA,NA,NA,NA,NA,NA,NA,NA,NA,NA,NA,NA,NA,NA,NA,NA,NA,NA,NA,73467,142818,59421.6,78285.6,81608,63261.3,58314.7,66608,50887.2,63695.2,58373.7,65881.7,52897.5,63674.2,57684.8,95370.3,189678,69445.7,69790.8,73858.9,74597.489,75336.078,NA,NA,NA,NA,NA,NA,NA,NA,NA,NA,NA,NA,NA
Zambia,ZMB,Methane emissions (kt of CO2 equivalent),EN.ATM.METH.KT.CE,NA,NA,NA,NA,NA,NA,NA,NA,NA,NA,1727905.5,751882.800000001,848742,945749.1,761832.9,999579.6,848048.4,1039961.4,1113738,1608045.3,1236699,1012487.7,1208200.2,1183072.5,785609.1,823231.800000001,781891.199999999,1276861.5,746757.300000001,915567.300000001,2472558.75453188,1272897.65136153,2138186.23231106,1081215.4090607,1308438.57695847,1643793.19840895,1093776.1264,1057674.26256,1235300.98688895,1144443.2260207,1705084.71080741,1053175.22769482,1081331.60572294,1120508.29261035,1168363.11957035,1966315.39615259,1190488.6171407,1209425.98607259,666491.724619296,548493.415454824,696862.985069648,568988.888902236,603766.973272588,309032.145368945,307885.868370352,313731.647019297,310083.069693291,299786.780231055,305212.97848,203935.408102236,123590.01864,NA,NA,NA,NA,NA
Zimbabwe,ZWE,Methane emissions (kt of CO2 equivalent),EN.ATM.METH.KT.CE,NA,NA,NA,NA,NA,NA,NA,NA,NA,NA,433332.21,382183.8,381086.28,394259.58,386202.6,417901.14,415794.33,437178.63,414811.56,424854.99,384242.67,372973.71,406922.88,405709.08,383648.01,397655.16,415455.69,468671.64,431987.34,448242.06,1050894.26691471,575065.129788116,675466.283838825,491370.343338939,528963.446068116,720970.579878237,605182.617250352,604633.579237061,636681.704733291,692284.676945176,1041188.74847412,689057.738530351,649960.904466709,628377.624828115,646505.720001533,1004658.14883706,592113.35123706,597298.982568945,759975.796422236,604150.698974825,774699.493511055,626474.652253291,627493.510232587,230609.759970352,212760.238102236,230121.018675527,222500.588582236,226014.191998467,231198.382210352,162409.05364294,96486.58416,NA,NA,NA,NA,NA
